ALCodigo,Asignatura,Semestre,Grupo,MatrículaInicial,MatrículaEfectiva,NoDeserciones,Aprobados,Reprobados,NotaMáxima,NotaMínima,NotaPromedio
2015,FILOSOFIA,PRIMER SEMESTRE 2015,1M1-CO,32,32,0,29,3,100,0,75.34375
2015,GEOMETRIA ANALITICA Y DESCRIPTIVA,PRIMER SEMESTRE 2015,1M1-CO,41,40,1,30,10,96,6,63.3
2015,INGLES I,PRIMER SEMESTRE 2015,1M1-CO,30,30,0,12,18,95,0,35.4
2015,INTRODUCCION A INGENIERIA EN COMPUTACION,PRIMER SEMESTRE 2015,1M1-CO,30,30,0,22,8,97,0,60.133333
2015,FILOSOFIA,PRIMER SEMESTRE 2015,1M2-CO,30,27,3,20,7,100,0,59.925925
2015,GEOMETRIA ANALITICA Y DESCRIPTIVA,PRIMER SEMESTRE 2015,1M2-CO,38,34,4,14,20,95,0,38.941176
2015,INGLES I,PRIMER SEMESTRE 2015,1M2-CO,31,25,6,16,9,100,0,46.32
2015,INTRODUCCION A INGENIERIA EN COMPUTACION,PRIMER SEMESTRE 2015,1M2-CO,30,28,2,16,12,92,0,44.75
2015,FILOSOFIA,PRIMER SEMESTRE 2015,1M3-CO,30,27,3,27,0,80,60,65.037037
2015,GEOMETRIA ANALITICA Y DESCRIPTIVA,PRIMER SEMESTRE 2015,1M3-CO,32,31,1,21,10,100,0,57.354838
2015,INGLES I,PRIMER SEMESTRE 2015,1M3-CO,30,27,3,12,15,94,0,38.629629
2015,INTRODUCCION A INGENIERIA EN COMPUTACION,PRIMER SEMESTRE 2015,1M3-CO,31,27,4,19,8,76,0,51.814814
2015,FILOSOFIA,PRIMER SEMESTRE 2015,1M4-CO,30,29,1,26,3,94,0,66.724137
2015,GEOMETRIA ANALITICA Y DESCRIPTIVA,PRIMER SEMESTRE 2015,1M4-CO,34,33,1,26,7,91,0,54.818181
2015,INGLES I,PRIMER SEMESTRE 2015,1M4-CO,30,29,1,24,5,89,0,61.931034
2015,INTRODUCCION A INGENIERIA EN COMPUTACION,PRIMER SEMESTRE 2015,1M4-CO,31,26,5,26,0,85,60,69.192307
2015,FILOSOFIA,PRIMER SEMESTRE 2015,1M5-CO,36,36,0,19,17,100,0,42.75
2015,GEOMETRIA ANALITICA Y DESCRIPTIVA,PRIMER SEMESTRE 2015,1M5-CO,44,42,2,22,20,100,0,42.47619
2015,INGLES I,PRIMER SEMESTRE 2015,1M5-CO,26,20,6,18,2,97,0,65.75
2015,INTRODUCCION A INGENIERIA EN COMPUTACION,PRIMER SEMESTRE 2015,1M5-CO,31,24,7,18,6,100,0,63.75
2015,GEOMETRIA COMPUTACIONAL,PRIMER SEMESTRE 2015,2M1-CO,37,37,0,16,21,85,0,46.432432
2015,MATEMATICA II,PRIMER SEMESTRE 2015,2M1-CO,43,34,9,21,13,100,23,58.264705
2015,PROGRAMACION ORIENTADA A OBJETO,PRIMER SEMESTRE 2015,2M1-CO,36,23,13,15,8,100,7,59.434782
2015,SOCIOLOGIA Y ETICA,PRIMER SEMESTRE 2015,2M1-CO,38,25,13,19,6,86,0,65.4
2015,GEOMETRIA COMPUTACIONAL,PRIMER SEMESTRE 2015,2M2-CO,41,38,3,31,7,90,0,62.210526
2015,MATEMATICA II,PRIMER SEMESTRE 2015,2M2-CO,41,32,9,22,10,75,20,52.0625
2015,PROGRAMACION ORIENTADA A OBJETO,PRIMER SEMESTRE 2015,2M2-CO,41,34,7,19,15,100,3,50.970588
2015,SOCIOLOGIA Y ETICA,PRIMER SEMESTRE 2015,2M2-CO,40,40,0,29,11,85,0,53.725
2015,GEOMETRIA COMPUTACIONAL,PRIMER SEMESTRE 2015,2M3-CO,37,37,0,12,25,80,0,34.783783
2015,MATEMATICA II,PRIMER SEMESTRE 2015,2M3-CO,45,38,7,13,25,77,4,38.421052
2015,PROGRAMACION ORIENTADA A OBJETO,PRIMER SEMESTRE 2015,2M3-CO,33,26,7,17,9,90,5,52.76923
2015,SOCIOLOGIA Y ETICA,PRIMER SEMESTRE 2015,2M3-CO,40,40,0,24,16,85,0,43.75
2015,GEOMETRIA COMPUTACIONAL,PRIMER SEMESTRE 2015,2M4-CO,44,42,2,26,16,91,0,54.738095
2015,MATEMATICA II,PRIMER SEMESTRE 2015,2M4-CO,45,40,5,22,18,100,0,38.975
2015,PROGRAMACION ORIENTADA A OBJETO,PRIMER SEMESTRE 2015,2M4-CO,46,40,6,20,20,100,20,56.975
2015,SOCIOLOGIA Y ETICA,PRIMER SEMESTRE 2015,2M4-CO,46,45,1,36,9,86,0,58.288888
2015,FISICA II,PRIMER SEMESTRE 2015,3T1-CO,31,24,7,16,8,79,0,47.208333
2015,PROGRAMACION GRAFICA,PRIMER SEMESTRE 2015,3T1-CO,44,37,7,30,3,100,18,75.151515
2015,SISTEMAS DIGITALES,PRIMER SEMESTRE 2015,3T1-CO,35,35,0,16,19,88,0,35.428571
2015,TEORIA DE LA COMPUTACION,PRIMER SEMESTRE 2015,3T1-CO,45,35,10,32,3,95,23,67.485714
2015,FISICA II,PRIMER SEMESTRE 2015,3T2-CO,26,17,9,12,5,67,0,44.823529
2015,PROGRAMACION GRAFICA,PRIMER SEMESTRE 2015,3T2-CO,45,35,10,28,7,100,28,72.257142
2015,SISTEMAS DIGITALES,PRIMER SEMESTRE 2015,3T2-CO,46,46,0,19,27,88,0,34.73913
2015,TEORIA DE LA COMPUTACION,PRIMER SEMESTRE 2015,3T2-CO,46,41,5,34,7,81,12,56.926829
2015,FISICA II,PRIMER SEMESTRE 2015,3T3-CO,39,31,8,23,8,69,0,48.612903
2015,PROGRAMACION GRAFICA,PRIMER SEMESTRE 2015,3T3-CO,50,31,19,17,14,86,7,48.096774
2015,SISTEMAS DIGITALES,PRIMER SEMESTRE 2015,3T3-CO,42,40,2,39,1,96,10,68.875
2015,TEORIA DE LA COMPUTACION,PRIMER SEMESTRE 2015,3T3-CO,41,37,4,33,4,95,7,58.756756
2015,ADMINISTRADORES DE BASES DE DATOS,PRIMER SEMESTRE 2015,4T1-CO,25,22,3,21,1,86,39,71.454545
2015,ARQUITECTURA DE MAQUINAS COMPUTADORAS I,PRIMER SEMESTRE 2015,4T1-CO,17,17,0,15,2,93,15,69.823529
2015,ECONOMIA DE PROYECTOS INFORMATICOS,PRIMER SEMESTRE 2015,4T1-CO,38,19,19,16,3,100,26,70.578947
2015,SIMULACION,PRIMER SEMESTRE 2015,4T1-CO,16,15,1,14,1,76,29,63.133333
2015,ADMINISTRADORES DE BASES DE DATOS,PRIMER SEMESTRE 2015,4T2-CO,28,28,0,27,1,97,0,77.5
2015,ARQUITECTURA DE MAQUINAS COMPUTADORAS I,PRIMER SEMESTRE 2015,4T2-CO,40,40,0,37,3,95,0,76.25
2015,ECONOMIA DE PROYECTOS INFORMATICOS,PRIMER SEMESTRE 2015,4T2-CO,42,42,0,27,15,100,0,47.023809
2015,SIMULACION,PRIMER SEMESTRE 2015,4T2-CO,32,27,5,27,0,95,60,72.629629
2015,ADMINISTRADORES DE BASES DE DATOS,PRIMER SEMESTRE 2015,4T3-CO,30,30,0,30,0,82,60,70.266666
2015,ARQUITECTURA DE MAQUINAS COMPUTADORAS I,PRIMER SEMESTRE 2015,4T3-CO,35,35,0,34,1,86,0,64.685714
2015,ECONOMIA DE PROYECTOS INFORMATICOS,PRIMER SEMESTRE 2015,4T3-CO,37,32,5,23,9,93,30,65.59375
2015,SIMULACION,PRIMER SEMESTRE 2015,4T3-CO,29,28,1,28,0,90,60,73.25
2015,ARQUITECTURA DE MAQUINAS COMPUTADORAS III,PRIMER SEMESTRE 2015,5T1-CO,16,15,1,15,0,88,61,72.333333
2015,INGENIERIA DE SOFTWARE II,PRIMER SEMESTRE 2015,5T1-CO,19,17,2,16,1,85,20,62.588235
2015,INTELIGENCIA ARTIFICIAL,PRIMER SEMESTRE 2015,5T1-CO,19,18,1,18,0,90,60,75.833333
2015,REDES DE COMPUTADORAS,PRIMER SEMESTRE 2015,5T1-CO,16,16,0,14,2,83,3,63.875
2015,TENDENCIAS TECNOLOGICAS,PRIMER SEMESTRE 2015,5T1-CO,30,26,4,25,1,93,25,76.538461
2015,APLICACIONES GRAFICAS,PRIMER SEMESTRE 2015,5T2-CO,18,11,7,6,5,75,22,53.545454
2015,ARQUITECTURA DE MAQUINAS COMPUTADORAS III,PRIMER SEMESTRE 2015,5T2-CO,20,15,5,15,0,93,60,78.6
2015,INGENIERIA DE SOFTWARE II,PRIMER SEMESTRE 2015,5T2-CO,19,17,2,13,4,94,12,61.17647
2015,INTELIGENCIA ARTIFICIAL,PRIMER SEMESTRE 2015,5T2-CO,13,8,5,7,1,85,40,65
2015,REDES DE COMPUTADORAS,PRIMER SEMESTRE 2015,5T2-CO,20,19,1,12,7,100,3,61.157894
2015,ARQUITECTURA DE MAQUINAS COMPUTADORAS III,PRIMER SEMESTRE 2015,5T3-CO,38,36,2,34,2,100,0,78.666666
2015,INGENIERIA DE SOFTWARE II,PRIMER SEMESTRE 2015,5T3-CO,27,24,3,18,6,81,10,57.458333
2015,INTELIGENCIA ARTIFICIAL,PRIMER SEMESTRE 2015,5T3-CO,26,22,4,22,0,90,60,72.045454
2015,REDES DE COMPUTADORAS,PRIMER SEMESTRE 2015,5T3-CO,33,33,0,26,7,84,0,59.90909
2015,TENDENCIAS TECNOLOGICAS,PRIMER SEMESTRE 2015,5T3-CO,45,42,3,40,2,100,10,71.761904
2015,CONCEPTOS DE LENGUAJES,SEGUNDO SEMESTRE 2015,1M1-CO,36,36,0,30,6,75,59,70.277777
2015,INGLES II,SEGUNDO SEMESTRE 2015,1M1-CO,17,14,3,13,1,100,0,72.642857
2015,LENGUAJE DE PROGRAMACION,SEGUNDO SEMESTRE 2015,1M1-CO,23,21,2,16,5,97,15,61.857142
2015,MATEMATICA I,SEGUNDO SEMESTRE 2015,1M1-CO,34,28,6,13,15,82,25,51.535714
2015,REDACCION TECNICA,SEGUNDO SEMESTRE 2015,1M1-CO,34,31,3,19,12,79,0,46.451612
2015,INTRODUCCION A INGENIERIA EN COMPUTACION,SEGUNDO SEMESTRE 2015,1M1-CO/P,23,23,0,23,0,85,63,72.826086
2015,CONCEPTOS DE LENGUAJES,SEGUNDO SEMESTRE 2015,1M2-CO,26,25,1,17,8,91,0,57.24
2015,INGLES II,SEGUNDO SEMESTRE 2015,1M2-CO,19,18,1,16,2,100,0,68.277777
2015,LENGUAJE DE PROGRAMACION,SEGUNDO SEMESTRE 2015,1M2-CO,16,16,0,14,2,89,27,71.375
2015,MATEMATICA I,SEGUNDO SEMESTRE 2015,1M2-CO,29,27,2,18,9,99,11,61.37037
2015,REDACCION TECNICA,SEGUNDO SEMESTRE 2015,1M2-CO,30,27,3,21,6,86,0,57.259259
2015,CONCEPTOS DE LENGUAJES,SEGUNDO SEMESTRE 2015,1M3-CO,35,35,0,30,5,75,59,64.714285
2015,INGLES II,SEGUNDO SEMESTRE 2015,1M3-CO,13,12,1,11,1,92,0,67.916666
2015,LENGUAJE DE PROGRAMACION,SEGUNDO SEMESTRE 2015,1M3-CO,20,20,0,18,2,95,0,73.9
2015,MATEMATICA I,SEGUNDO SEMESTRE 2015,1M3-CO,27,24,3,16,8,81,0,49.083333
2015,REDACCION TECNICA,SEGUNDO SEMESTRE 2015,1M3-CO,32,25,7,13,12,72,0,33.12
2015,CONCEPTOS DE LENGUAJES,SEGUNDO SEMESTRE 2015,1M4-CO,29,22,7,22,0,80,60,65.727272
2015,INGLES II,SEGUNDO SEMESTRE 2015,1M4-CO,25,19,6,9,10,100,0,39
2015,LENGUAJE DE PROGRAMACION,SEGUNDO SEMESTRE 2015,1M4-CO,25,21,4,21,0,100,60,75.857142
2015,MATEMATICA I,SEGUNDO SEMESTRE 2015,1M4-CO,33,28,5,24,4,80,6,56.5
2015,REDACCION TECNICA,SEGUNDO SEMESTRE 2015,1M4-CO,29,23,6,13,10,100,0,46.086956
2015,CONCEPTOS DE LENGUAJES,SEGUNDO SEMESTRE 2015,1M5-CO,22,15,7,12,3,98,0,63.533333
2015,INGLES II,SEGUNDO SEMESTRE 2015,1M5-CO,17,7,10,7,0,100,60,82.285714
2015,LENGUAJE DE PROGRAMACION,SEGUNDO SEMESTRE 2015,1M5-CO,16,13,3,12,1,100,0,75.230769
2015,MATEMATICA I,SEGUNDO SEMESTRE 2015,1M5-CO,29,19,10,9,10,90,9,44.157894
2015,REDACCION TECNICA,SEGUNDO SEMESTRE 2015,1M5-CO,20,10,10,8,2,100,0,68.7
2015,ALGORITMIZACION Y ESTRUCTURAS DE DATOS,SEGUNDO SEMESTRE 2015,2M1-CO,23,18,5,17,1,100,21,79.388888
2015,CULTURA DE PAZ Y DERECHOS HUMANOS,SEGUNDO SEMESTRE 2015,2M1-CO,35,26,9,26,0,85,60,73.038461
2015,FISICA I,SEGUNDO SEMESTRE 2015,2M1-CO,41,33,8,29,4,95,0,62.969696
2015,MATEMATICA III,SEGUNDO SEMESTRE 2015,2M1-CO,20,19,1,12,7,100,28,61.315789
2015,MATEMATICAS DISCRETAS,SEGUNDO SEMESTRE 2015,2M1-CO,38,35,3,27,7,90,0,61.911764
2015,PROGRAMACION ORIENTADA A OBJETO,SEGUNDO SEMESTRE 2015,2M1-CO/P,28,19,9,19,0,100,60,75.631578
2015,ALGORITMIZACION Y ESTRUCTURAS DE DATOS,SEGUNDO SEMESTRE 2015,2M2-CO,22,18,4,17,1,100,44,76.333333
2015,CULTURA DE PAZ Y DERECHOS HUMANOS,SEGUNDO SEMESTRE 2015,2M2-CO,28,26,2,18,8,85,0,48.346153
2015,FISICA I,SEGUNDO SEMESTRE 2015,2M2-CO,32,32,0,11,21,68,0,26.21875
2015,MATEMATICA III,SEGUNDO SEMESTRE 2015,2M2-CO,25,24,1,14,10,86,22,56.75
2015,MATEMATICAS DISCRETAS,SEGUNDO SEMESTRE 2015,2M2-CO,32,31,1,28,3,100,0,70.774193
2015,GEOMETRIA COMPUTACIONAL,SEGUNDO SEMESTRE 2015,2M2-CO/P,28,28,0,28,0,75,60,68.892857
2015,ALGORITMIZACION Y ESTRUCTURAS DE DATOS,SEGUNDO SEMESTRE 2015,2M3-CO,24,19,5,15,4,80,22,58.894736
2015,CULTURA DE PAZ Y DERECHOS HUMANOS,SEGUNDO SEMESTRE 2015,2M3-CO,26,26,0,21,5,88,0,69.192307
2015,FISICA I,SEGUNDO SEMESTRE 2015,2M3-CO,27,15,12,8,7,80,0,36.733333
2015,MATEMATICA III,SEGUNDO SEMESTRE 2015,2M3-CO,18,15,3,9,6,80,41,60.466666
2015,MATEMATICAS DISCRETAS,SEGUNDO SEMESTRE 2015,2M3-CO,33,28,5,24,4,87,0,65.428571
2015,MATEMATICA II,SEGUNDO SEMESTRE 2015,2M3-CO/P,35,22,13,4,17,62,15,41.666666
2015,ALGORITMIZACION Y ESTRUCTURAS DE DATOS,SEGUNDO SEMESTRE 2015,2M4-CO,20,13,7,8,5,80,15,52.307692
2015,CULTURA DE PAZ Y DERECHOS HUMANOS,SEGUNDO SEMESTRE 2015,2M4-CO,35,35,0,29,6,79,0,63.628571
2015,FISICA I,SEGUNDO SEMESTRE 2015,2M4-CO,41,41,0,20,21,70,0,30.487804
2015,MATEMATICA III,SEGUNDO SEMESTRE 2015,2M4-CO,22,21,1,10,11,80,0,37.380952
2015,MATEMATICAS DISCRETAS,SEGUNDO SEMESTRE 2015,2M4-CO,37,37,0,31,6,92,0,66.891891
2015,BASES DE DATOS,SEGUNDO SEMESTRE 2015,3T1-CO,43,38,5,32,6,93,31,71.078947
2015,ECONOMIA,SEGUNDO SEMESTRE 2015,3T1-CO,47,47,0,43,4,100,0,84.893617
2015,ESTADISTICA,SEGUNDO SEMESTRE 2015,3T1-CO,41,34,7,30,4,86,0,57.794117
2015,HARDWARE REPARACION Y MANTENIMIENTO,SEGUNDO SEMESTRE 2015,3T1-CO,25,23,2,21,2,100,12,76.695652
2015,SISTEMAS OPERATIVOS Y REDES,SEGUNDO SEMESTRE 2015,3T1-CO,42,39,3,29,10,100,18,69.384615
2015,FISICA II,SEGUNDO SEMESTRE 2015,3T1-CO/P,11,9,2,9,0,75,67,70.222222
2015,BASES DE DATOS,SEGUNDO SEMESTRE 2015,3T2-CO,45,42,3,36,6,81,32,67.619047
2015,ECONOMIA,SEGUNDO SEMESTRE 2015,3T2-CO,47,47,0,46,1,100,0,91.297872
2015,ESTADISTICA,SEGUNDO SEMESTRE 2015,3T2-CO,29,29,0,23,6,84,0,54.241379
2015,HARDWARE REPARACION Y MANTENIMIENTO,SEGUNDO SEMESTRE 2015,3T2-CO,22,22,0,22,0,90,60,75.636363
2015,SISTEMAS OPERATIVOS Y REDES,SEGUNDO SEMESTRE 2015,3T2-CO,44,40,4,33,7,97,15,71.45
2015,FISICA II,SEGUNDO SEMESTRE 2015,3T2-CO/P,3,3,0,3,0,73,72,72.333333
2015,BASES DE DATOS,SEGUNDO SEMESTRE 2015,3T3-CO,45,37,8,31,6,96,28,67.54054
2015,ECONOMIA,SEGUNDO SEMESTRE 2015,3T3-CO,39,25,14,16,9,97,12,54.72
2015,ESTADISTICA,SEGUNDO SEMESTRE 2015,3T3-CO,45,45,0,43,1,87,31,67.386363
2015,HARDWARE REPARACION Y MANTENIMIENTO,SEGUNDO SEMESTRE 2015,3T3-CO,36,35,1,31,4,93,26,70.428571
2015,SISTEMAS OPERATIVOS Y REDES,SEGUNDO SEMESTRE 2015,3T3-CO,44,44,0,27,0,100,60,77.74074
2015,ARQUITECTURA DE MAQUINAS COMPUTADORAS II,SEGUNDO SEMESTRE 2015,4T1-CO,31,31,0,26,5,90,0,61.064516
2015,ARQUITECTURA DE SISTEMAS OPERATIVOS,SEGUNDO SEMESTRE 2015,4T1-CO,28,22,6,15,7,82,10,54.681818
2015,CONTROL,SEGUNDO SEMESTRE 2015,4T1-CO,17,14,3,12,2,77,26,66.571428
2015,INGENIERIA DE SOFTWARE I,SEGUNDO SEMESTRE 2015,4T1-CO,29,26,3,17,9,85,12,53.26923
2015,METODOLOGIA DE LA INVESTIGACION,SEGUNDO SEMESTRE 2015,4T1-CO,27,22,5,9,13,81,0,28.227272
2015,ARQUITECTURA DE MAQUINAS COMPUTADORAS II,SEGUNDO SEMESTRE 2015,4T2-CO,29,27,2,21,6,91,0,58.407407
2015,ARQUITECTURA DE SISTEMAS OPERATIVOS,SEGUNDO SEMESTRE 2015,4T2-CO,27,27,0,23,4,88,9,65.148148
2015,CONTROL,SEGUNDO SEMESTRE 2015,4T2-CO,26,25,1,24,1,100,25,74.12
2015,INGENIERIA DE SOFTWARE I,SEGUNDO SEMESTRE 2015,4T2-CO,22,22,0,22,0,79,65,70.5
2015,METODOLOGIA DE LA INVESTIGACION,SEGUNDO SEMESTRE 2015,4T2-CO,28,23,5,22,1,81,57,72.086956
2015,ARQUITECTURA DE MAQUINAS COMPUTADORAS II,SEGUNDO SEMESTRE 2015,4T3-CO,42,37,5,34,3,84,0,63.837837
2015,ARQUITECTURA DE SISTEMAS OPERATIVOS,SEGUNDO SEMESTRE 2015,4T3-CO,33,33,0,24,9,77,0,53.666666
2015,CONTROL,SEGUNDO SEMESTRE 2015,4T3-CO,28,26,2,24,2,100,35,71.192307
2015,INGENIERIA DE SOFTWARE I,SEGUNDO SEMESTRE 2015,4T3-CO,40,38,2,22,16,79,15,56.473684
2015,METODOLOGIA DE LA INVESTIGACION,SEGUNDO SEMESTRE 2015,4T3-CO,28,24,4,22,2,80,0,62.25
2015,ADMINISTRACION DE SISTEMAS DE INFORMACION,SEGUNDO SEMESTRE 2015,5T1-CO,25,25,0,23,2,100,30,78.2
2015,INGENIERIA DE SOFTWARE III,SEGUNDO SEMESTRE 2015,5T1-CO,25,25,0,12,13,100,0,38.8
2015,ADMINISTRACION DE SISTEMAS DE INFORMACION,SEGUNDO SEMESTRE 2015,5T2-CO,14,14,0,13,0,92,70,84.153846
2015,INGENIERIA DE SOFTWARE III,SEGUNDO SEMESTRE 2015,5T2-CO,11,11,0,11,0,81,61,72.272727
2015,ADMINISTRACION DE SISTEMAS DE INFORMACION,SEGUNDO SEMESTRE 2015,5T3-CO,22,18,4,15,3,100,19,76.555555
2015,INGENIERIA DE SOFTWARE III,SEGUNDO SEMESTRE 2015,5T3-CO,26,26,0,22,4,100,0,65.76923
2016,FILOSOFIA,PRIMER SEMESTRE 2016,1M1-CO,33,30,3,27,3,100,0,67.3
2016,GEOMETRIA ANALITICA Y DESCRIPTIVA,PRIMER SEMESTRE 2016,1M1-CO,36,32,4,28,4,100,11,76.5
2016,INGLES I,PRIMER SEMESTRE 2016,1M1-CO,36,30,6,22,8,100,0,54.866666
2016,INTRODUCCION A INGENIERIA EN COMPUTACION,PRIMER SEMESTRE 2016,1M1-CO,31,30,1,22,8,100,0,52.833333
2016,FILOSOFIA,PRIMER SEMESTRE 2016,1M2-CO,36,35,1,32,3,100,0,66.342857
2016,GEOMETRIA ANALITICA Y DESCRIPTIVA,PRIMER SEMESTRE 2016,1M2-CO,41,35,6,31,4,100,17,75.142857
2016,INGLES I,PRIMER SEMESTRE 2016,1M2-CO,37,30,7,20,10,85,0,50.566666
2016,INTRODUCCION A INGENIERIA EN COMPUTACION,PRIMER SEMESTRE 2016,1M2-CO,32,30,2,21,9,97,37,70.066666
2016,FILOSOFIA,PRIMER SEMESTRE 2016,1M3-CO,33,32,1,17,15,90,0,36.6875
2016,GEOMETRIA ANALITICA Y DESCRIPTIVA,PRIMER SEMESTRE 2016,1M3-CO,39,39,0,30,9,100,3,65.25641
2016,INGLES I,PRIMER SEMESTRE 2016,1M3-CO,42,40,2,34,6,100,0,62.15
2016,INTRODUCCION A INGENIERIA EN COMPUTACION,PRIMER SEMESTRE 2016,1M3-CO,35,34,1,25,9,95,0,60.852941
2016,FILOSOFIA,PRIMER SEMESTRE 2016,1M4-CO,32,30,2,29,1,100,35,92.066666
2016,GEOMETRIA ANALITICA Y DESCRIPTIVA,PRIMER SEMESTRE 2016,1M4-CO,41,32,9,17,15,91,0,46.90625
2016,INGLES I,PRIMER SEMESTRE 2016,1M4-CO,34,29,5,18,11,100,0,45.034482
2016,INTRODUCCION A INGENIERIA EN COMPUTACION,PRIMER SEMESTRE 2016,1M4-CO,31,26,5,26,0,100,60,72.461538
2016,FILOSOFIA,PRIMER SEMESTRE 2016,1M5-CO,31,31,0,30,1,100,0,81.419354
2016,GEOMETRIA ANALITICA Y DESCRIPTIVA,PRIMER SEMESTRE 2016,1M5-CO,38,36,2,19,17,96,0,39.666666
2016,INGLES I,PRIMER SEMESTRE 2016,1M5-CO,39,36,3,26,10,82,0,52.666666
2016,INTRODUCCION A INGENIERIA EN COMPUTACION,PRIMER SEMESTRE 2016,1M5-CO,34,31,3,23,8,100,12,66.516129
2016,GEOMETRIA COMPUTACIONAL,PRIMER SEMESTRE 2016,2M1-CO,17,17,0,10,7,95,59,65.764705
2016,MATEMATICA II PARA COMPUTACION,PRIMER SEMESTRE 2016,2M1-CO,24,16,8,11,5,90,5,58
2016,PROGRAMACION ORIENTADA A OBJETO,PRIMER SEMESTRE 2016,2M1-CO,37,16,21,14,2,100,16,77.125
2016,SOCIOLOGIA,PRIMER SEMESTRE 2016,2M1-CO,32,19,13,16,3,90,0,60.631578
2016,GEOMETRIA COMPUTACIONAL,PRIMER SEMESTRE 2016,2M2-CO,18,18,0,16,2,95,0,64.5
2016,MATEMATICA II PARA COMPUTACION,PRIMER SEMESTRE 2016,2M2-CO,20,15,5,15,0,90,60,69.266666
2016,PROGRAMACION ORIENTADA A OBJETO,PRIMER SEMESTRE 2016,2M2-CO,28,24,4,18,6,100,23,69
2016,SOCIOLOGIA,PRIMER SEMESTRE 2016,2M2-CO,30,22,8,12,10,90,0,38
2016,GEOMETRIA COMPUTACIONAL,PRIMER SEMESTRE 2016,2M3-CO,20,20,0,15,5,80,59,63
2016,MATEMATICA II PARA COMPUTACION,PRIMER SEMESTRE 2016,2M3-CO,28,27,1,18,9,88,5,51.296296
2016,PROGRAMACION ORIENTADA A OBJETO,PRIMER SEMESTRE 2016,2M3-CO,38,31,7,21,10,89,3,49.774193
2016,SOCIOLOGIA,PRIMER SEMESTRE 2016,2M3-CO,38,21,17,13,8,68,0,39.095238
2016,GEOMETRIA COMPUTACIONAL,PRIMER SEMESTRE 2016,2M4-CO,28,26,2,22,4,85,0,61.692307
2016,MATEMATICA II PARA COMPUTACION,PRIMER SEMESTRE 2016,2M4-CO,40,28,12,20,8,75,17,54.071428
2016,PROGRAMACION ORIENTADA A OBJETO,PRIMER SEMESTRE 2016,2M4-CO,30,19,11,15,4,100,17,61.526315
2016,SOCIOLOGIA,PRIMER SEMESTRE 2016,2M4-CO,22,12,10,12,0,100,60,76.666666
2016,GEOMETRIA COMPUTACIONAL,PRIMER SEMESTRE 2016,2M5-CO,19,17,2,12,5,100,0,57.235294
2016,MATEMATICA II PARA COMPUTACION,PRIMER SEMESTRE 2016,2M5-CO,17,15,2,14,1,100,0,61.4
2016,PROGRAMACION ORIENTADA A OBJETO,PRIMER SEMESTRE 2016,2M5-CO,17,10,7,9,1,95,12,64.6
2016,SOCIOLOGIA,PRIMER SEMESTRE 2016,2M5-CO,23,15,8,9,6,100,0,44.666666
2016,FISICA II,PRIMER SEMESTRE 2016,3T1-CO,17,17,0,8,9,84,0,31.764705
2016,PROGRAMACION GRAFICA,PRIMER SEMESTRE 2016,3T1-CO,43,34,9,30,4,100,24,74.17647
2016,SISTEMAS DIGITALES,PRIMER SEMESTRE 2016,3T1-CO,45,45,0,37,8,100,0,60.822222
2016,TEORIA DE LA COMPUTACION,PRIMER SEMESTRE 2016,3T1-CO,27,23,4,21,2,98,20,64.782608
2016,FISICA II,PRIMER SEMESTRE 2016,3T2-CO,37,37,0,10,27,100,0,27.513513
2016,PROGRAMACION GRAFICA,PRIMER SEMESTRE 2016,3T2-CO,43,39,4,35,4,100,7,75
2016,SISTEMAS DIGITALES,PRIMER SEMESTRE 2016,3T2-CO,45,45,0,43,2,92,0,69.466666
2016,TEORIA DE LA COMPUTACION,PRIMER SEMESTRE 2016,3T2-CO,40,40,0,39,1,95,0,68.75
2016,FISICA II,PRIMER SEMESTRE 2016,3T3-CO,20,14,6,12,2,67,0,52.5
2016,PROGRAMACION GRAFICA,PRIMER SEMESTRE 2016,3T3-CO,42,35,7,18,17,90,4,57.942857
2016,SISTEMAS DIGITALES,PRIMER SEMESTRE 2016,3T3-CO,44,37,7,31,6,100,0,59.945945
2016,TEORIA DE LA COMPUTACION,PRIMER SEMESTRE 2016,3T3-CO,26,23,3,16,7,89,0,51.73913
2016,ADMINISTRADORES DE BASES DE DATOS,PRIMER SEMESTRE 2016,4T1-CO,35,30,5,27,3,90,27,70.2
2016,ARQUITECTURA DE MAQUINAS COMPUTADORAS I,PRIMER SEMESTRE 2016,4T1-CO,27,26,1,22,4,93,16,69.76923
2016,ECONOMIA DE PROYECTOS INFORMATICOS,PRIMER SEMESTRE 2016,4T1-CO,38,25,13,20,5,100,18,71.16
2016,SIMULACION,PRIMER SEMESTRE 2016,4T1-CO,24,24,0,22,2,83,51,71.416666
2016,ADMINISTRADORES DE BASES DE DATOS,PRIMER SEMESTRE 2016,4T2-CO,37,33,4,30,2,100,40,77.875
2016,ARQUITECTURA DE MAQUINAS COMPUTADORAS I,PRIMER SEMESTRE 2016,4T2-CO,24,24,0,24,0,90,62,78.083333
2016,ECONOMIA DE PROYECTOS INFORMATICOS,PRIMER SEMESTRE 2016,4T2-CO,38,32,6,30,2,99,36,75.375
2016,SIMULACION,PRIMER SEMESTRE 2016,4T2-CO,21,21,0,18,3,80,0,62.238095
2016,ADMINISTRADORES DE BASES DE DATOS,PRIMER SEMESTRE 2016,4T3-CO,36,36,0,27,9,98,0,60.722222
2016,ARQUITECTURA DE MAQUINAS COMPUTADORAS I,PRIMER SEMESTRE 2016,4T3-CO,35,35,0,35,0,90,65,72.6
2016,ECONOMIA DE PROYECTOS INFORMATICOS,PRIMER SEMESTRE 2016,4T3-CO,40,40,0,27,13,100,0,57.5
2016,SIMULACION,PRIMER SEMESTRE 2016,4T3-CO,34,34,0,34,0,88,60,72.5
2016,APLICACIONES GRAFICAS,PRIMER SEMESTRE 2016,5T1-CO,39,39,0,35,4,95,0,64.076923
2016,ARQUITECTURA DE MAQUINAS COMPUTADORAS III,PRIMER SEMESTRE 2016,5T1-CO,21,20,1,19,1,88,0,71.2
2016,INGENIERIA DE SOFTWARE II,PRIMER SEMESTRE 2016,5T1-CO,19,19,0,12,7,81,32,60.157894
2016,INTELIGENCIA ARTIFICIAL,PRIMER SEMESTRE 2016,5T1-CO,21,21,0,20,1,96,0,80.571428
2016,REDES DE COMPUTADORAS,PRIMER SEMESTRE 2016,5T1-CO,20,20,0,7,13,74,4,39.9
2016,ARQUITECTURA DE MAQUINAS COMPUTADORAS III,PRIMER SEMESTRE 2016,5T2-CO,23,23,0,22,1,92,0,75.043478
2016,INGENIERIA DE SOFTWARE II,PRIMER SEMESTRE 2016,5T2-CO,28,26,2,24,2,85,10,65.576923
2016,INTELIGENCIA ARTIFICIAL,PRIMER SEMESTRE 2016,5T2-CO,22,20,2,20,0,88,60,76.45
2016,REDES DE COMPUTADORAS,PRIMER SEMESTRE 2016,5T2-CO,35,35,0,32,3,88,22,66.085714
2016,TENDENCIAS TECNOLOGICAS,PRIMER SEMESTRE 2016,5T2-CO,31,30,1,22,8,88,29,65.033333
2016,ARQUITECTURA DE MAQUINAS COMPUTADORAS III,PRIMER SEMESTRE 2016,5T3-CO,39,39,0,30,9,87,0,61
2016,INGENIERIA DE SOFTWARE II,PRIMER SEMESTRE 2016,5T3-CO,29,24,5,23,1,88,19,67.708333
2016,INTELIGENCIA ARTIFICIAL,PRIMER SEMESTRE 2016,5T3-CO,33,30,3,27,3,96,0,74.8
2016,REDES DE COMPUTADORAS,PRIMER SEMESTRE 2016,5T3-CO,35,34,1,28,6,87,4,59.441176
2016,TENDENCIAS TECNOLOGICAS,PRIMER SEMESTRE 2016,5T3-CO,31,28,3,28,0,87,61,75.714285
2016,CONCEPTOS DE LENGUAJES,SEGUNDO SEMESTRE 2016,1M1-CO,31,31,0,25,6,90,3,63.193548
2016,INGLES II,SEGUNDO SEMESTRE 2016,1M1-CO,31,29,2,26,3,99,0,66.241379
2016,LENGUAJE DE PROGRAMACION,SEGUNDO SEMESTRE 2016,1M1-CO,25,22,3,17,5,89,30,64.5
2016,MATEMATICA I PARA COMPUTACION,SEGUNDO SEMESTRE 2016,1M1-CO,40,33,7,28,5,77,28,60.121212
2016,REDACCION TECNICA,SEGUNDO SEMESTRE 2016,1M1-CO,32,25,7,25,0,100,60,82.04
2016,CONCEPTOS DE LENGUAJES,SEGUNDO SEMESTRE 2016,1M2-CO,34,30,4,23,7,87,0,53.733333
2016,INGLES II,SEGUNDO SEMESTRE 2016,1M2-CO,25,21,4,21,0,99,60,73.714285
2016,LENGUAJE DE PROGRAMACION,SEGUNDO SEMESTRE 2016,1M2-CO,27,20,7,16,4,100,15,68.45
2016,MATEMATICA I PARA COMPUTACION,SEGUNDO SEMESTRE 2016,1M2-CO,40,29,11,21,8,96,14,60.655172
2016,REDACCION TECNICA,SEGUNDO SEMESTRE 2016,1M2-CO,39,32,7,28,4,82,0,62.4375
2016,CONCEPTOS DE LENGUAJES,SEGUNDO SEMESTRE 2016,1M3-CO,37,37,0,35,2,90,59,67.972972
2016,INGLES II,SEGUNDO SEMESTRE 2016,1M3-CO,32,29,3,29,0,100,60,77.75862
2016,LENGUAJE DE PROGRAMACION,SEGUNDO SEMESTRE 2016,1M3-CO,34,23,11,21,2,100,6,74.173913
2016,MATEMATICA I PARA COMPUTACION,SEGUNDO SEMESTRE 2016,1M3-CO,43,43,0,14,29,98,0,27.953488
2016,REDACCION TECNICA,SEGUNDO SEMESTRE 2016,1M3-CO,40,24,16,24,0,100,60,78.333333
2016,CONCEPTOS DE LENGUAJES,SEGUNDO SEMESTRE 2016,1M4-CO,30,23,7,23,0,100,60,67.782608
2016,INGLES II,SEGUNDO SEMESTRE 2016,1M4-CO,18,16,2,16,0,100,60,77.0625
2016,LENGUAJE DE PROGRAMACION,SEGUNDO SEMESTRE 2016,1M4-CO,34,26,8,10,16,95,0,33.153846
2016,MATEMATICA I PARA COMPUTACION,SEGUNDO SEMESTRE 2016,1M4-CO,40,35,5,14,21,100,2,42.857142
2016,REDACCION TECNICA,SEGUNDO SEMESTRE 2016,1M4-CO,39,35,4,28,7,85,0,54.771428
2016,CONCEPTOS DE LENGUAJES,SEGUNDO SEMESTRE 2016,1M5-CO,36,33,3,26,7,83,0,54.393939
2016,INGLES II,SEGUNDO SEMESTRE 2016,1M5-CO,29,18,11,18,0,95,60,73.388888
2016,LENGUAJE DE PROGRAMACION,SEGUNDO SEMESTRE 2016,1M5-CO,24,16,8,13,3,95,19,66.5625
2016,MATEMATICA I PARA COMPUTACION,SEGUNDO SEMESTRE 2016,1M5-CO,39,33,6,22,11,100,0,52.272727
2016,REDACCION TECNICA,SEGUNDO SEMESTRE 2016,1M5-CO,35,22,13,19,3,100,0,81.818181
2016,ALGORITMIZACION Y ESTRUCTURAS DE DATOS,SEGUNDO SEMESTRE 2016,2M1-CO,20,12,8,10,2,91,4,73.5
2016,CULTURA DE PAZ Y DERECHOS HUMANOS,SEGUNDO SEMESTRE 2016,2M1-CO,29,25,4,22,3,100,0,75.2
2016,FISICA I,SEGUNDO SEMESTRE 2016,2M1-CO,29,18,11,15,3,88,13,62.166666
2016,MATEMATICA III PARA COMPUTACION,SEGUNDO SEMESTRE 2016,2M1-CO,28,26,2,26,0,90,60,67.538461
2016,MATEMATICAS DISCRETAS,SEGUNDO SEMESTRE 2016,2M1-CO,16,15,1,12,3,87,10,61.866666
2016,ALGORITMIZACION Y ESTRUCTURAS DE DATOS,SEGUNDO SEMESTRE 2016,2M2-CO,32,29,3,21,8,86,8,60.034482
2016,CULTURA DE PAZ Y DERECHOS HUMANOS,SEGUNDO SEMESTRE 2016,2M2-CO,31,26,5,25,1,100,0,78.076923
2016,FISICA I,SEGUNDO SEMESTRE 2016,2M2-CO,23,21,2,16,5,71,0,46.666666
2016,MATEMATICA III PARA COMPUTACION,SEGUNDO SEMESTRE 2016,2M2-CO,19,19,0,12,7,75,13,52.157894
2016,MATEMATICAS DISCRETAS,SEGUNDO SEMESTRE 2016,2M2-CO,22,20,2,15,5,86,8,59.85
2016,ALGORITMIZACION Y ESTRUCTURAS DE DATOS,SEGUNDO SEMESTRE 2016,2M3-CO,26,19,7,16,3,90,2,60.894736
2016,CULTURA DE PAZ Y DERECHOS HUMANOS,SEGUNDO SEMESTRE 2016,2M3-CO,30,29,1,20,9,100,10,56.37931
2016,FISICA I,SEGUNDO SEMESTRE 2016,2M3-CO,30,26,4,15,11,98,0,41.538461
2016,MATEMATICA III PARA COMPUTACION,SEGUNDO SEMESTRE 2016,2M3-CO,24,22,2,13,9,100,14,52.318181
2016,MATEMATICAS DISCRETAS,SEGUNDO SEMESTRE 2016,2M3-CO,23,22,1,18,4,100,0,65.545454
2016,ALGORITMIZACION Y ESTRUCTURAS DE DATOS,SEGUNDO SEMESTRE 2016,2M4-CO,20,12,8,10,2,64,5,53.5
2016,CULTURA DE PAZ Y DERECHOS HUMANOS,SEGUNDO SEMESTRE 2016,2M4-CO,19,17,2,17,0,93,60,79.235294
2016,FISICA I,SEGUNDO SEMESTRE 2016,2M4-CO,34,29,5,12,17,71,0,33.482758
2016,MATEMATICA III PARA COMPUTACION,SEGUNDO SEMESTRE 2016,2M4-CO,41,41,0,33,8,88,0,50.536585
2016,MATEMATICAS DISCRETAS,SEGUNDO SEMESTRE 2016,2M4-CO,14,14,0,12,2,84,48,70.214285
2016,BASES DE DATOS,SEGUNDO SEMESTRE 2016,3T1-CO,33,33,0,29,4,90,24,74.90909
2016,ECONOMIA,SEGUNDO SEMESTRE 2016,3T1-CO,45,45,0,45,0,97,85,93.044444
2016,ESTADISTICA I,SEGUNDO SEMESTRE 2016,3T1-CO,22,20,2,17,3,94,0,59.6
2016,HARDWARE REPARACION Y MANTENIMIENTO,SEGUNDO SEMESTRE 2016,3T1-CO,44,44,0,39,5,100,22,74.181818
2016,SISTEMAS OPERATIVOS Y REDES,SEGUNDO SEMESTRE 2016,3T1-CO,31,31,0,31,0,100,60,81.967741
2016,FISICA II,SEGUNDO SEMESTRE 2016,3T1-CO/P,15,15,0,15,0,75,60,68.2
2016,BASES DE DATOS,SEGUNDO SEMESTRE 2016,3T2-CO,34,24,10,15,9,93,27,62.291666
2016,ECONOMIA,SEGUNDO SEMESTRE 2016,3T2-CO,45,40,5,40,0,96,85,94.125
2016,ESTADISTICA I,SEGUNDO SEMESTRE 2016,3T2-CO,18,16,2,16,0,80,60,68.8125
2016,HARDWARE REPARACION Y MANTENIMIENTO,SEGUNDO SEMESTRE 2016,3T2-CO,36,34,2,30,4,100,13,71.588235
2016,SISTEMAS OPERATIVOS Y REDES,SEGUNDO SEMESTRE 2016,3T2-CO,33,30,3,27,3,81,39,65.433333
2016,BASES DE DATOS,SEGUNDO SEMESTRE 2016,3T3-CO,23,17,6,13,4,99,32,66.352941
2016,ECONOMIA,SEGUNDO SEMESTRE 2016,3T3-CO,27,21,6,20,1,100,0,66.47619
2016,ESTADISTICA I,SEGUNDO SEMESTRE 2016,3T3-CO,19,19,0,16,3,87,0,58.263157
2016,HARDWARE REPARACION Y MANTENIMIENTO,SEGUNDO SEMESTRE 2016,3T3-CO,36,36,0,34,2,100,22,80.5
2016,SISTEMAS OPERATIVOS Y REDES,SEGUNDO SEMESTRE 2016,3T3-CO,33,33,0,33,0,90,60,72.939393
2016,ARQUITECTURA DE MAQUINAS COMPUTADORAS II,SEGUNDO SEMESTRE 2016,4T1-CO,30,28,2,22,6,84,0,55.357142
2016,ARQUITECTURA DE SISTEMAS OPERATIVOS,SEGUNDO SEMESTRE 2016,4T1-CO,37,36,1,34,2,91,4,70.416666
2016,CONTROL,SEGUNDO SEMESTRE 2016,4T1-CO,20,19,1,19,0,92,68,80.68421
2016,INGENIERIA DE SOFTWARE I,SEGUNDO SEMESTRE 2016,4T1-CO,35,30,5,25,5,85,44,68.7
2016,METODOLOGIA DE LA INVESTIGACION,SEGUNDO SEMESTRE 2016,4T1-CO,33,28,5,23,5,88,6,63.178571
2016,ARQUITECTURA DE MAQUINAS COMPUTADORAS II,SEGUNDO SEMESTRE 2016,4T2-CO,32,27,5,27,0,93,60,75.222222
2016,ARQUITECTURA DE SISTEMAS OPERATIVOS,SEGUNDO SEMESTRE 2016,4T2-CO,41,41,0,39,2,87,6,67.04878
2016,CONTROL,SEGUNDO SEMESTRE 2016,4T2-CO,32,32,0,24,8,82,0,57.25
2016,INGENIERIA DE SOFTWARE I,SEGUNDO SEMESTRE 2016,4T2-CO,35,32,3,25,7,75,44,61.53125
2016,METODOLOGIA DE LA INVESTIGACION,SEGUNDO SEMESTRE 2016,4T2-CO,42,31,11,29,2,86,47,68.806451
2016,ARQUITECTURA DE MAQUINAS COMPUTADORAS II,SEGUNDO SEMESTRE 2016,4T3-CO,32,32,0,29,3,95,0,69.84375
2016,ARQUITECTURA DE SISTEMAS OPERATIVOS,SEGUNDO SEMESTRE 2016,4T3-CO,37,31,6,25,6,84,25,62.580645
2016,CONTROL,SEGUNDO SEMESTRE 2016,4T3-CO,30,28,2,27,1,89,0,67.535714
2016,INGENIERIA DE SOFTWARE I,SEGUNDO SEMESTRE 2016,4T3-CO,26,22,4,6,16,77,6,45.5
2016,METODOLOGIA DE LA INVESTIGACION,SEGUNDO SEMESTRE 2016,4T3-CO,34,25,9,15,10,82,5,55.04
2016,ADMINISTRACION DE SISTEMAS DE INFORMACION,SEGUNDO SEMESTRE 2016,5T1-CO,25,25,0,23,1,87,23,72.375
2016,INGENIERIA DE SOFTWARE III,SEGUNDO SEMESTRE 2016,5T1-CO,24,23,1,23,0,95,60,71.73913
2016,INGENIERIA DE SOFTWARE III,SEGUNDO SEMESTRE 2016,5T2-CO,26,26,0,25,1,95,0,70.384615
2016,SISTEMAS DISTRIBUIDOS,SEGUNDO SEMESTRE 2016,5T2-CO,37,37,0,37,0,80,60,66.567567
2016,ADMINISTRACION DE SISTEMAS DE INFORMACION,SEGUNDO SEMESTRE 2016,5T3-CO,16,15,1,12,3,80,30,59.866666
2016,INGENIERIA DE SOFTWARE III,SEGUNDO SEMESTRE 2016,5T3-CO,19,18,1,18,0,95,60,75.555555
2017,FILOSOFIA,PRIMER SEMESTRE 2017,1M1-CO,37,35,2,31,4,100,0,66.228571
2017,GEOMETRIA ANALITICA DESCRIPTIVA,PRIMER SEMESTRE 2017,1M1-CO,44,42,2,29,13,100,9,64.142857
2017,INGLES I,PRIMER SEMESTRE 2017,1M1-CO,42,34,8,25,9,100,0,53.029411
2017,INTRODUCCION A LA INGENIERIA EN COMPUTACION,PRIMER SEMESTRE 2017,1M1-CO,40,37,3,27,10,100,9,60.27027
2017,FILOSOFIA,PRIMER SEMESTRE 2017,1M2-CO,30,29,1,28,1,100,0,74.517241
2017,GEOMETRIA ANALITICA DESCRIPTIVA,PRIMER SEMESTRE 2017,1M2-CO,37,32,5,25,7,100,2,64.40625
2017,INGLES I,PRIMER SEMESTRE 2017,1M2-CO,38,34,4,24,10,87,0,46.17647
2017,INTRODUCCION A LA INGENIERIA EN COMPUTACION,PRIMER SEMESTRE 2017,1M2-CO,39,37,2,31,6,100,30,66.864864
2017,FILOSOFIA,PRIMER SEMESTRE 2017,1M3-CO,34,32,2,30,2,99,0,75.53125
2017,GEOMETRIA ANALITICA DESCRIPTIVA,PRIMER SEMESTRE 2017,1M3-CO,35,31,4,26,5,100,0,73.064516
2017,INGLES I,PRIMER SEMESTRE 2017,1M3-CO,34,31,3,21,10,100,0,49.903225
2017,INTRODUCCION A LA INGENIERIA EN COMPUTACION,PRIMER SEMESTRE 2017,1M3-CO,36,34,2,29,5,100,28,68.147058
2017,FILOSOFIA,PRIMER SEMESTRE 2017,1M4-CO,34,31,3,29,2,90,0,67.16129
2017,GEOMETRIA ANALITICA DESCRIPTIVA,PRIMER SEMESTRE 2017,1M4-CO,33,30,3,18,12,85,0,40.8
2017,INGLES I,PRIMER SEMESTRE 2017,1M4-CO,34,32,2,24,8,100,0,60.1875
2017,INTRODUCCION A LA INGENIERIA EN COMPUTACION,PRIMER SEMESTRE 2017,1M4-CO,30,28,2,27,1,100,46,69.035714
2017,FILOSOFIA,PRIMER SEMESTRE 2017,1M5-CO,31,30,1,26,4,90,0,60.3
2017,GEOMETRIA ANALITICA DESCRIPTIVA,PRIMER SEMESTRE 2017,1M5-CO,39,34,5,21,13,90,0,42.205882
2017,INGLES I,PRIMER SEMESTRE 2017,1M5-CO,39,35,4,26,9,100,0,52.142857
2017,INTRODUCCION A LA INGENIERIA EN COMPUTACION,PRIMER SEMESTRE 2017,1M5-CO,32,28,4,9,19,90,13,42
2017,GEOMETRIA COMPUTACIONAL,PRIMER SEMESTRE 2017,2M1-CO,28,28,0,23,5,90,59,75.035714
2017,MATEMATICA II PARA COMPUTACION,PRIMER SEMESTRE 2017,2M1-CO,30,23,7,17,6,84,10,53.73913
2017,PROGRAMACION ORIENTADA A OBJETO,PRIMER SEMESTRE 2017,2M1-CO,34,26,8,17,9,100,7,66.423076
2017,SOCIOLOGIA,PRIMER SEMESTRE 2017,2M1-CO,35,35,0,20,15,90,0,41.171428
2017,GEOMETRIA COMPUTACIONAL,PRIMER SEMESTRE 2017,2M2-CO,32,31,1,28,3,95,17,67.580645
2017,MATEMATICA II PARA COMPUTACION,PRIMER SEMESTRE 2017,2M2-CO,29,25,4,18,7,100,10,57.56
2017,PROGRAMACION ORIENTADA A OBJETO,PRIMER SEMESTRE 2017,2M2-CO,43,37,6,28,9,100,9,70.162162
2017,SOCIOLOGIA,PRIMER SEMESTRE 2017,2M2-CO,32,32,0,25,7,90,0,55
2017,GEOMETRIA COMPUTACIONAL,PRIMER SEMESTRE 2017,2M3-CO,29,29,0,21,8,100,17,61.517241
2017,MATEMATICA II PARA COMPUTACION,PRIMER SEMESTRE 2017,2M3-CO,41,41,0,32,9,95,0,54.902439
2017,PROGRAMACION ORIENTADA A OBJETO,PRIMER SEMESTRE 2017,2M3-CO,36,27,9,22,5,100,0,64.925925
2017,SOCIOLOGIA,PRIMER SEMESTRE 2017,2M3-CO,39,33,6,30,3,100,0,81.121212
2017,GEOMETRIA COMPUTACIONAL,PRIMER SEMESTRE 2017,2M4-CO,20,20,0,18,2,95,7,75.7
2017,MATEMATICA II PARA COMPUTACION,PRIMER SEMESTRE 2017,2M4-CO,21,19,2,13,6,100,19,57.526315
2017,PROGRAMACION ORIENTADA A OBJETO,PRIMER SEMESTRE 2017,2M4-CO,27,27,0,22,5,92,20,62
2017,SOCIOLOGIA,PRIMER SEMESTRE 2017,2M4-CO,29,29,0,18,11,95,0,44.172413
2017,GEOMETRIA COMPUTACIONAL,PRIMER SEMESTRE 2017,2M5-CO,18,18,0,18,0,92,80,90.166666
2017,MATEMATICA II PARA COMPUTACION,PRIMER SEMESTRE 2017,2M5-CO,36,36,0,32,4,100,0,60.638888
2017,PROGRAMACION ORIENTADA A OBJETO,PRIMER SEMESTRE 2017,2M5-CO,28,28,0,23,5,90,20,63.392857
2017,SOCIOLOGIA,PRIMER SEMESTRE 2017,2M5-CO,31,31,0,29,2,100,0,90
2017,FISICA II,PRIMER SEMESTRE 2017,3T1-CO,13,12,1,12,0,84,60,66.666666
2017,PROGRAMACION GRAFICA,PRIMER SEMESTRE 2017,3T1-CO,32,21,11,17,4,100,21,70.095238
2017,SISTEMAS DIGITALES,PRIMER SEMESTRE 2017,3T1-CO,25,25,0,18,7,100,0,61.96
2017,TEORIA DE LA COMPUTACION,PRIMER SEMESTRE 2017,3T1-CO,27,23,4,19,4,100,24,72.434782
2017,FISICA II,PRIMER SEMESTRE 2017,3T2-CO,23,14,9,7,7,72,17,46.142857
2017,PROGRAMACION GRAFICA,PRIMER SEMESTRE 2017,3T2-CO,40,26,14,19,7,100,21,72.846153
2017,SISTEMAS DIGITALES,PRIMER SEMESTRE 2017,3T2-CO,27,27,0,17,10,100,0,50.185185
2017,TEORIA DE LA COMPUTACION,PRIMER SEMESTRE 2017,3T2-CO,36,24,12,19,5,72,25,58.583333
2017,FISICA II,PRIMER SEMESTRE 2017,3T3-CO,21,19,2,18,1,85,0,61.736842
2017,PROGRAMACION GRAFICA,PRIMER SEMESTRE 2017,3T3-CO,40,38,2,38,0,100,60,79.210526
2017,SISTEMAS DIGITALES,PRIMER SEMESTRE 2017,3T3-CO,36,36,0,27,9,95,0,51.527777
2017,TEORIA DE LA COMPUTACION,PRIMER SEMESTRE 2017,3T3-CO,27,26,1,15,11,78,10,49.615384
2017,ADMINISTRADORES DE BASES DE DATOS,PRIMER SEMESTRE 2017,4T1-CO,35,33,2,33,0,99,64,81.30303
2017,ARQUITECTURA DE MAQUINAS COMPUTADORAS I,PRIMER SEMESTRE 2017,4T1-CO,40,38,2,37,1,100,15,72.421052
2017,ECONOMIA DE PROYECTOS INFORMATICOS,PRIMER SEMESTRE 2017,4T1-CO,45,41,4,31,9,83,13,61.975
2017,SIMULACION,PRIMER SEMESTRE 2017,4T1-CO,36,34,2,34,0,100,61,76.852941
2017,ADMINISTRADORES DE BASES DE DATOS,PRIMER SEMESTRE 2017,4T2-CO,19,14,5,14,0,85,60,67.071428
2017,ARQUITECTURA DE MAQUINAS COMPUTADORAS I,PRIMER SEMESTRE 2017,4T2-CO,30,30,0,28,0,100,60,86.785714
2017,ECONOMIA DE PROYECTOS INFORMATICOS,PRIMER SEMESTRE 2017,4T2-CO,43,31,12,31,0,90,61,72.935483
2017,SIMULACION,PRIMER SEMESTRE 2017,4T2-CO,20,19,1,18,1,79,48,70
2017,ADMINISTRADORES DE BASES DE DATOS,PRIMER SEMESTRE 2017,4T3-CO,25,25,0,25,0,90,60,71.36
2017,ARQUITECTURA DE MAQUINAS COMPUTADORAS I,PRIMER SEMESTRE 2017,4T3-CO,41,39,2,36,3,93,0,63.897435
2017,ECONOMIA DE PROYECTOS INFORMATICOS,PRIMER SEMESTRE 2017,4T3-CO,39,27,12,24,3,91,42,72.407407
2017,SIMULACION,PRIMER SEMESTRE 2017,4T3-CO,28,28,0,26,2,79,0,64.107142
2017,APLICACIONES GRAFICAS,PRIMER SEMESTRE 2017,5T1-CO,43,42,1,38,4,98,16,82.547619
2017,ARQUITECTURA DE MAQUINAS COMPUTADORAS III,PRIMER SEMESTRE 2017,5T1-CO,29,27,2,26,1,85,9,69.444444
2017,INGENIERIA DE SOFTWARE II,PRIMER SEMESTRE 2017,5T1-CO,28,22,6,22,0,95,60,77.363636
2017,INTELIGENCIA ARTIFICIAL,PRIMER SEMESTRE 2017,5T1-CO,28,24,4,23,1,94,0,73.958333
2017,REDES DE COMPUTADORAS,PRIMER SEMESTRE 2017,5T1-CO,29,22,7,22,0,100,61,76.90909
2017,ARQUITECTURA DE MAQUINAS COMPUTADORAS III,PRIMER SEMESTRE 2017,5T2-CO,29,27,2,26,1,93,0,72.555555
2017,INGENIERIA DE SOFTWARE II,PRIMER SEMESTRE 2017,5T2-CO,38,38,0,29,9,100,0,56.710526
2017,INTELIGENCIA ARTIFICIAL,PRIMER SEMESTRE 2017,5T2-CO,39,33,6,30,3,98,0,69.454545
2017,REDES DE COMPUTADORAS,PRIMER SEMESTRE 2017,5T2-CO,38,32,6,19,13,79,22,55.875
2017,TENDENCIAS TECNOLOGICAS,PRIMER SEMESTRE 2017,5T2-CO,32,29,3,27,2,92,0,75.689655
2017,ARQUITECTURA DE MAQUINAS COMPUTADORAS III,PRIMER SEMESTRE 2017,5T3-CO,29,29,0,27,0,100,68,86
2017,INGENIERIA DE SOFTWARE II,PRIMER SEMESTRE 2017,5T3-CO,27,22,5,22,0,83,60,66.545454
2017,INTELIGENCIA ARTIFICIAL,PRIMER SEMESTRE 2017,5T3-CO,24,23,1,23,0,96,60,73.521739
2017,REDES DE COMPUTADORAS,PRIMER SEMESTRE 2017,5T3-CO,26,23,3,20,3,93,26,68.652173
2017,TENDENCIAS TECNOLOGICAS,PRIMER SEMESTRE 2017,5T3-CO,29,26,3,26,0,95,70,84.115384
2017,CONCEPTOS DE LENGUAJES,SEGUNDO SEMESTRE 2017,1M1-CO,36,36,0,26,10,99,59,64.111111
2017,INGLES II,SEGUNDO SEMESTRE 2017,1M1-CO,25,16,9,10,6,100,0,47.125
2017,LENGUAJE DE PROGRAMACION,SEGUNDO SEMESTRE 2017,1M1-CO,29,26,3,24,2,92,13,69.692307
2017,MATEMATICA I PARA COMPUTACION,SEGUNDO SEMESTRE 2017,1M1-CO,43,40,3,14,26,83,5,38.925
2017,REDACCION TECNICA,SEGUNDO SEMESTRE 2017,1M1-CO,39,30,9,27,3,94,0,68
2017,INTRODUCCION A LA INGENIERIA EN COMPUTACION,SEGUNDO SEMESTRE 2017,1M1-CO/P,27,27,0,27,0,77,70,70.814814
2017,CONCEPTOS DE LENGUAJES,SEGUNDO SEMESTRE 2017,1M2-CO,35,35,0,32,3,94,0,65.085714
2017,INGLES II,SEGUNDO SEMESTRE 2017,1M2-CO,26,17,9,12,5,83,0,47.17647
2017,LENGUAJE DE PROGRAMACION,SEGUNDO SEMESTRE 2017,1M2-CO,37,31,6,30,1,79,56,68.032258
2017,MATEMATICA I PARA COMPUTACION,SEGUNDO SEMESTRE 2017,1M2-CO,42,37,5,18,19,93,3,43.459459
2017,REDACCION TECNICA,SEGUNDO SEMESTRE 2017,1M2-CO,38,28,10,28,0,76,60,67.535714
2017,CONCEPTOS DE LENGUAJES,SEGUNDO SEMESTRE 2017,1M3-CO,35,35,0,27,8,90,59,68.171428
2017,INGLES II,SEGUNDO SEMESTRE 2017,1M3-CO,26,22,4,9,13,100,0,34.090909
2017,LENGUAJE DE PROGRAMACION,SEGUNDO SEMESTRE 2017,1M3-CO,30,25,5,22,3,100,0,75.84
2017,MATEMATICA I PARA COMPUTACION,SEGUNDO SEMESTRE 2017,1M3-CO,36,33,3,24,9,98,3,59.181818
2017,REDACCION TECNICA,SEGUNDO SEMESTRE 2017,1M3-CO,36,30,6,30,0,91,60,71.666666
2017,CONCEPTOS DE LENGUAJES,SEGUNDO SEMESTRE 2017,1M4-CO,27,23,4,20,3,90,8,61.782608
2017,INGLES II,SEGUNDO SEMESTRE 2017,1M4-CO,23,19,4,10,9,76,0,44.631578
2017,LENGUAJE DE PROGRAMACION,SEGUNDO SEMESTRE 2017,1M4-CO,27,25,2,24,1,97,0,78.24
2017,MATEMATICA I PARA COMPUTACION,SEGUNDO SEMESTRE 2017,1M4-CO,28,25,3,15,10,85,0,46.24
2017,REDACCION TECNICA,SEGUNDO SEMESTRE 2017,1M4-CO,29,27,2,27,0,80,60,68.037037
2017,CONCEPTOS DE LENGUAJES,SEGUNDO SEMESTRE 2017,1M5-CO,27,27,0,27,0,80,70,71.629629
2017,INGLES II,SEGUNDO SEMESTRE 2017,1M5-CO,24,24,0,17,7,85,0,48.25
2017,LENGUAJE DE PROGRAMACION,SEGUNDO SEMESTRE 2017,1M5-CO,15,14,1,11,3,86,0,65.285714
2017,MATEMATICA I PARA COMPUTACION,SEGUNDO SEMESTRE 2017,1M5-CO,34,30,4,23,7,95,7,56.433333
2017,REDACCION TECNICA,SEGUNDO SEMESTRE 2017,1M5-CO,29,24,5,24,0,91,60,69.625
2017,ALGORITMIZACION Y ESTRUCTURAS DE DATOS,SEGUNDO SEMESTRE 2017,2M1-CO,31,22,9,19,3,100,23,68.181818
2017,CULTURA DE PAZ Y DERECHOS HUMANOS,SEGUNDO SEMESTRE 2017,2M1-CO,35,29,6,19,10,86,0,45.448275
2017,FISICA I,SEGUNDO SEMESTRE 2017,2M1-CO,30,24,6,24,0,82,60,66.5
2017,MATEMATICA III PARA COMPUTACION,SEGUNDO SEMESTRE 2017,2M1-CO,19,16,3,10,6,80,11,52.0625
2017,MATEMATICAS DISCRETAS,SEGUNDO SEMESTRE 2017,2M1-CO,26,26,0,24,2,95,50,71.884615
2017,ALGORITMIZACION Y ESTRUCTURAS DE DATOS,SEGUNDO SEMESTRE 2017,2M2-CO,38,31,7,29,2,100,20,77.645161
2017,CULTURA DE PAZ Y DERECHOS HUMANOS,SEGUNDO SEMESTRE 2017,2M2-CO,35,35,0,15,20,80,0,29.057142
2017,FISICA I,SEGUNDO SEMESTRE 2017,2M2-CO,29,18,11,8,10,94,0,37.722222
2017,MATEMATICA III PARA COMPUTACION,SEGUNDO SEMESTRE 2017,2M2-CO,20,17,3,10,7,85,10,52.529411
2017,MATEMATICAS DISCRETAS,SEGUNDO SEMESTRE 2017,2M2-CO,29,22,7,20,2,100,40,74.954545
2017,ALGORITMIZACION Y ESTRUCTURAS DE DATOS,SEGUNDO SEMESTRE 2017,2M3-CO,26,23,3,23,0,87,60,70.608695
2017,CULTURA DE PAZ Y DERECHOS HUMANOS,SEGUNDO SEMESTRE 2017,2M3-CO,23,22,1,16,6,70,0,45.863636
2017,FISICA I,SEGUNDO SEMESTRE 2017,2M3-CO,26,24,2,15,9,72,0,40.333333
2017,MATEMATICA III PARA COMPUTACION,SEGUNDO SEMESTRE 2017,2M3-CO,18,14,4,6,8,70,13,36.642857
2017,MATEMATICAS DISCRETAS,SEGUNDO SEMESTRE 2017,2M3-CO,25,25,0,24,1,92,48,72.68
2017,ALGORITMIZACION Y ESTRUCTURAS DE DATOS,SEGUNDO SEMESTRE 2017,2M4-CO,34,25,9,17,7,95,13,60.833333
2017,CULTURA DE PAZ Y DERECHOS HUMANOS,SEGUNDO SEMESTRE 2017,2M4-CO,26,25,1,25,0,95,63,76.2
2017,FISICA I,SEGUNDO SEMESTRE 2017,2M4-CO,38,33,5,22,11,91,0,44.242424
2017,MATEMATICA III PARA COMPUTACION,SEGUNDO SEMESTRE 2017,2M4-CO,45,45,0,40,5,100,10,60.177777
2017,MATEMATICAS DISCRETAS,SEGUNDO SEMESTRE 2017,2M4-CO,22,22,0,22,0,100,60,78.318181
2017,ALGORITMIZACION Y ESTRUCTURAS DE DATOS,SEGUNDO SEMESTRE 2017,2M5-CO,28,20,8,17,3,88,28,67.25
2017,CULTURA DE PAZ Y DERECHOS HUMANOS,SEGUNDO SEMESTRE 2017,2M5-CO,28,28,0,28,0,90,69,79.392857
2017,FISICA I,SEGUNDO SEMESTRE 2017,2M5-CO,30,21,9,13,8,87,0,44.857142
2017,MATEMATICA III PARA COMPUTACION,SEGUNDO SEMESTRE 2017,2M5-CO,24,19,5,16,3,80,19,59
2017,MATEMATICAS DISCRETAS,SEGUNDO SEMESTRE 2017,2M5-CO,30,30,0,27,3,85,24,67.733333
2017,BASES DE DATOS,SEGUNDO SEMESTRE 2017,3T1-CO,38,28,10,24,4,100,20,71.678571
2017,ECONOMIA,SEGUNDO SEMESTRE 2017,3T1-CO,36,31,5,31,0,100,72,87.258064
2017,ESTADISTICA I,SEGUNDO SEMESTRE 2017,3T1-CO,26,19,7,15,4,86,15,64.789473
2017,HARDWARE REPARACION Y MANTENIMIENTO,SEGUNDO SEMESTRE 2017,3T1-CO,28,26,2,26,0,91,60,76.692307
2017,SISTEMAS OPERATIVOS Y REDES,SEGUNDO SEMESTRE 2017,3T1-CO,29,23,6,20,3,100,13,75
2017,FISICA II,SEGUNDO SEMESTRE 2017,3T1-CO/P,13,13,0,13,0,75,60,66.538461
2017,BASES DE DATOS,SEGUNDO SEMESTRE 2017,3T2-CO,25,21,4,20,1,100,50,71.95238
2017,ECONOMIA,SEGUNDO SEMESTRE 2017,3T2-CO,18,18,0,18,0,100,60,81.333333
2017,ESTADISTICA I,SEGUNDO SEMESTRE 2017,3T2-CO,20,17,3,12,5,98,0,55.647058
2017,HARDWARE REPARACION Y MANTENIMIENTO,SEGUNDO SEMESTRE 2017,3T2-CO,16,15,1,15,0,89,65,80.933333
2017,SISTEMAS OPERATIVOS Y REDES,SEGUNDO SEMESTRE 2017,3T2-CO,22,19,3,19,0,90,66,76.947368
2017,BASES DE DATOS,SEGUNDO SEMESTRE 2017,3T3-CO,41,39,2,36,3,90,33,75.25641
2017,ECONOMIA,SEGUNDO SEMESTRE 2017,3T3-CO,39,39,0,37,2,100,0,63.435897
2017,ESTADISTICA I,SEGUNDO SEMESTRE 2017,3T3-CO,24,19,5,14,5,100,0,55.052631
2017,HARDWARE REPARACION Y MANTENIMIENTO,SEGUNDO SEMESTRE 2017,3T3-CO,26,26,0,26,0,90,60,79.653846
2017,SISTEMAS OPERATIVOS Y REDES,SEGUNDO SEMESTRE 2017,3T3-CO,34,31,3,30,1,100,40,87.258064
2017,ARQUITECTURA DE MAQUINAS COMPUTADORAS II,SEGUNDO SEMESTRE 2017,4T1-CO,40,35,5,34,1,91,0,64.857142
2017,ARQUITECTURA DE SISTEMAS OPERATIVOS,SEGUNDO SEMESTRE 2017,4T1-CO,38,35,3,6,29,80,11,47.685714
2017,CONTROL,SEGUNDO SEMESTRE 2017,4T1-CO,38,35,3,33,2,100,0,70.971428
2017,INGENIERIA DE SOFTWARE I,SEGUNDO SEMESTRE 2017,4T1-CO,34,32,2,28,4,90,37,68.65625
2017,METODOLOGIA DE LA INVESTIGACION,SEGUNDO SEMESTRE 2017,4T1-CO,34,30,4,27,3,93,14,70.8
2017,ARQUITECTURA DE MAQUINAS COMPUTADORAS II,SEGUNDO SEMESTRE 2017,4T2-CO,32,32,0,29,1,100,12,73.333333
2017,ARQUITECTURA DE SISTEMAS OPERATIVOS,SEGUNDO SEMESTRE 2017,4T2-CO,22,18,4,15,3,94,0,66.277777
2017,CONTROL,SEGUNDO SEMESTRE 2017,4T2-CO,30,30,0,26,4,76,2,57.766666
2017,INGENIERIA DE SOFTWARE I,SEGUNDO SEMESTRE 2017,4T2-CO,34,26,8,26,0,87,60,66.346153
2017,METODOLOGIA DE LA INVESTIGACION,SEGUNDO SEMESTRE 2017,4T2-CO,32,28,4,28,0,84,60,72.714285
2017,ARQUITECTURA DE MAQUINAS COMPUTADORAS II,SEGUNDO SEMESTRE 2017,4T3-CO,34,25,9,25,0,93,62,73.68
2017,ARQUITECTURA DE SISTEMAS OPERATIVOS,SEGUNDO SEMESTRE 2017,4T3-CO,32,30,2,27,3,88,0,62.9
2017,CONTROL,SEGUNDO SEMESTRE 2017,4T3-CO,29,29,0,22,7,83,0,58.655172
2017,INGENIERIA DE SOFTWARE I,SEGUNDO SEMESTRE 2017,4T3-CO,25,19,6,14,5,94,14,58.052631
2017,METODOLOGIA DE LA INVESTIGACION,SEGUNDO SEMESTRE 2017,4T3-CO,35,29,6,29,0,95,60,83.034482
2017,ADMINISTRACION DE SISTEMAS DE INFORMACION,SEGUNDO SEMESTRE 2017,5T1-CO,10,8,2,7,1,77,39,64
2017,INGENIERIA DE SOFTWARE III,SEGUNDO SEMESTRE 2017,5T1-CO,19,18,1,16,2,93,5,69.111111
2017,INGENIERIA DE SOFTWARE III,SEGUNDO SEMESTRE 2017,5T2-CO,27,27,0,23,4,100,0,68.333333
2017,SISTEMAS DISTRIBUIDOS,SEGUNDO SEMESTRE 2017,5T2-CO,30,29,1,28,1,93,43,73.655172
2017,ADMINISTRACION DE SISTEMAS DE INFORMACION,SEGUNDO SEMESTRE 2017,5T3-CO,41,41,0,40,0,100,60,79.075
2017,INGENIERIA DE SOFTWARE III,SEGUNDO SEMESTRE 2017,5T3-CO,37,36,1,35,1,95,20,74.416666
2018,FILOSOFIA,PRIMER SEMESTRE 2018,1M1-CO,19,19,0,19,0,95,60,83.052631
2018,GEOMETRIA ANALITICA DESCRIPTIVA,PRIMER SEMESTRE 2018,1M1-CO,15,15,0,15,0,91,60,79.733333
2018,INGLES I,PRIMER SEMESTRE 2018,1M1-CO,12,12,0,12,0,96,69,82.583333
2018,INTRODUCCION A LA INGENIERIA EN COMPUTACION,PRIMER SEMESTRE 2018,1M1-CO ,16,16,0,16,0,90,60,78.6875
2018,FILOSOFIA,PRIMER SEMESTRE 2018,1M1-CO/R,21,21,0,16,5,92,0,54.95238
2018,GEOMETRIA ANALITICA DESCRIPTIVA,PRIMER SEMESTRE 2018,1M1-CO/R,38,35,3,30,5,94,0,62.714285
2018,INGLES I,PRIMER SEMESTRE 2018,1M1-CO/R,34,30,4,17,13,84,0,38.433333
2018,INTRODUCCION A LA INGENIERIA EN COMPUTACION,PRIMER SEMESTRE 2018,1M1-CO/R,38,37,1,35,2,100,28,77.486486
2018,FILOSOFIA,PRIMER SEMESTRE 2018,1M2-CO,24,24,0,24,0,100,60,70.291666
2018,GEOMETRIA ANALITICA DESCRIPTIVA,PRIMER SEMESTRE 2018,1M2-CO,24,24,0,24,0,96,60,83.833333
2018,INGLES I,PRIMER SEMESTRE 2018,1M2-CO,17,17,0,17,0,100,60,72.823529
2018,INTRODUCCION A LA INGENIERIA EN COMPUTACION,PRIMER SEMESTRE 2018,1M2-CO,21,21,0,21,0,86,60,72.904761
2018,FILOSOFIA,PRIMER SEMESTRE 2018,1M2-CO/R,6,6,0,3,3,88,0,37.666666
2018,GEOMETRIA ANALITICA DESCRIPTIVA,PRIMER SEMESTRE 2018,1M2-CO/R,25,21,4,20,1,91,0,69.285714
2018,INGLES I,PRIMER SEMESTRE 2018,1M2-CO/R,10,10,0,6,4,75,0,39.4
2018,INTRODUCCION A LA INGENIERIA EN COMPUTACION,PRIMER SEMESTRE 2018,1M2-CO/R,11,11,0,10,1,93,6,68.90909
2018,FILOSOFIA,PRIMER SEMESTRE 2018,1M3-CO,25,25,0,25,0,95,60,71.32
2018,GEOMETRIA ANALITICA DESCRIPTIVA,PRIMER SEMESTRE 2018,1M3-CO,10,10,0,10,0,91,60,67.9
2018,INGLES I,PRIMER SEMESTRE 2018,1M3-CO,10,10,0,10,0,90,63,71.6
2018,INTRODUCCION A LA INGENIERIA EN COMPUTACION,PRIMER SEMESTRE 2018,1M3-CO,7,7,0,7,0,88,65,76.142857
2018,FILOSOFIA,PRIMER SEMESTRE 2018,1M4-CO,26,26,0,26,0,86,60,69.807692
2018,GEOMETRIA ANALITICA DESCRIPTIVA,PRIMER SEMESTRE 2018,1M4-CO,17,17,0,17,0,98,62,84.647058
2018,INGLES I,PRIMER SEMESTRE 2018,1M4-CO,31,31,0,31,0,60,60,60
2018,INTRODUCCION A LA INGENIERIA EN COMPUTACION,PRIMER SEMESTRE 2018,1M4-CO,13,13,0,13,0,96,62,78.307692
2018,FILOSOFIA,PRIMER SEMESTRE 2018,1M5-CO,21,21,0,21,0,79,60,66
2018,GEOMETRIA ANALITICA DESCRIPTIVA,PRIMER SEMESTRE 2018,1M5-CO,13,13,0,13,0,90,60,73.923076
2018,INGLES I,PRIMER SEMESTRE 2018,1M5-CO,25,25,0,25,0,93,60,67.52
2018,INTRODUCCION A LA INGENIERIA EN COMPUTACION,PRIMER SEMESTRE 2018,1M5-CO,26,26,0,26,0,89,62,75.192307
2018,GEOMETRIA COMPUTACIONAL,PRIMER SEMESTRE 2018,2M1-CO,26,26,0,26,0,70,60,61.538461
2018,MATEMATICA II PARA COMPUTACION,PRIMER SEMESTRE 2018,2M1-CO,15,15,0,15,0,95,60,68.2
2018,PROGRAMACION ORIENTADA A OBJETO,PRIMER SEMESTRE 2018,2M1-CO,16,16,0,16,0,98,61,78.8125
2018,SOCIOLOGIA,PRIMER SEMESTRE 2018,2M1-CO,30,30,0,30,0,100,75,92.233333
2018,GEOMETRIA COMPUTACIONAL,PRIMER SEMESTRE 2018,2M1-CO/R,14,14,0,14,0,90,60,71.571428
2018,MATEMATICA II PARA COMPUTACION,PRIMER SEMESTRE 2018,2M1-CO/R,39,35,4,31,4,100,6,62.342857
2018,PROGRAMACION ORIENTADA A OBJETO,PRIMER SEMESTRE 2018,2M1-CO/R,22,21,1,20,1,100,52,79.190476
2018,SOCIOLOGIA,PRIMER SEMESTRE 2018,2M1-CO/R,23,22,1,21,1,99,0,72.727272
2018,GEOMETRIA COMPUTACIONAL,PRIMER SEMESTRE 2018,2M2-CO,20,20,0,20,0,90,68,77.6
2018,MATEMATICA II PARA COMPUTACION,PRIMER SEMESTRE 2018,2M2-CO,4,4,0,4,0,90,60,69.75
2018,PROGRAMACION ORIENTADA A OBJETO,PRIMER SEMESTRE 2018,2M2-CO,25,25,0,25,0,100,66,82.4
2018,SOCIOLOGIA,PRIMER SEMESTRE 2018,2M2-CO,8,8,0,8,0,87,68,78.25
2018,MATEMATICA II PARA COMPUTACION,PRIMER SEMESTRE 2018,2M2-CO/R,45,38,7,29,9,100,0,54.105263
2018,PROGRAMACION ORIENTADA A OBJETO,PRIMER SEMESTRE 2018,2M2-CO/R,36,33,3,32,1,100,38,69.333333
2018,SOCIOLOGIA,PRIMER SEMESTRE 2018,2M2-CO/R,35,30,5,30,0,94,65,83.8
2018,GEOMETRIA COMPUTACIONAL,PRIMER SEMESTRE 2018,2M3-CO,25,25,0,25,0,85,66,73.32
2018,MATEMATICA II PARA COMPUTACION,PRIMER SEMESTRE 2018,2M3-CO,8,8,0,8,0,90,60,72.25
2018,PROGRAMACION ORIENTADA A OBJETO,PRIMER SEMESTRE 2018,2M3-CO,16,16,0,16,0,100,61,80.9375
2018,SOCIOLOGIA,PRIMER SEMESTRE 2018,2M3-CO,10,10,0,10,0,100,60,75.6
2018,GEOMETRIA COMPUTACIONAL,PRIMER SEMESTRE 2018,2M4-CO,27,27,0,27,0,70,60,61.481481
2018,MATEMATICA II PARA COMPUTACION,PRIMER SEMESTRE 2018,2M4-CO,3,3,0,3,0,70,70,70
2018,PROGRAMACION ORIENTADA A OBJETO,PRIMER SEMESTRE 2018,2M4-CO,5,5,0,5,0,72,70,71.2
2018,SOCIOLOGIA,PRIMER SEMESTRE 2018,2M4-CO,20,20,0,20,0,100,73,89.3
2018,GEOMETRIA COMPUTACIONAL,PRIMER SEMESTRE 2018,2M5-CO,28,28,0,28,0,77,60,62.464285
2018,PROGRAMACION ORIENTADA A OBJETO,PRIMER SEMESTRE 2018,2M5-CO,1,1,0,1,0,68,68,68
2018,FISICA II,PRIMER SEMESTRE 2018,3T1-CO,29,29,0,29,0,83,60,72.448275
2018,PROGRAMACION GRAFICA,PRIMER SEMESTRE 2018,3T1-CO,38,38,0,38,0,94,61,83.894736
2018,SISTEMAS DIGITALES,PRIMER SEMESTRE 2018,3T1-CO,48,48,0,48,0,98,62,90.25
2018,TEORIA DE LA COMPUTACION,PRIMER SEMESTRE 2018,3T1-CO,40,40,0,40,0,100,60,79.725
2018,FISICA II,PRIMER SEMESTRE 2018,3T1-CO/R,7,6,1,6,0,80,60,67.5
2018,PROGRAMACION GRAFICA,PRIMER SEMESTRE 2018,3T1-CO/R,11,7,4,5,2,100,39,67.714285
2018,SISTEMAS DIGITALES,PRIMER SEMESTRE 2018,3T1-CO/R,4,4,0,3,1,78,40,64.25
2018,TEORIA DE LA COMPUTACION,PRIMER SEMESTRE 2018,3T1-CO/R,1,0,1,0,0,0,0,0
2018,FISICA II,PRIMER SEMESTRE 2018,3T2-CO,21,21,0,21,0,92,60,64.95238
2018,PROGRAMACION GRAFICA,PRIMER SEMESTRE 2018,3T2-CO,28,28,0,28,0,94,60,70.928571
2018,SISTEMAS DIGITALES,PRIMER SEMESTRE 2018,3T2-CO,34,34,0,34,0,94,60,75.941176
2018,TEORIA DE LA COMPUTACION,PRIMER SEMESTRE 2018,3T2-CO,43,43,0,43,0,98,60,69.418604
2018,FISICA II,PRIMER SEMESTRE 2018,3T3-CO,23,23,0,23,0,75,61,65.260869
2018,PROGRAMACION GRAFICA,PRIMER SEMESTRE 2018,3T3-CO,16,16,0,16,0,95,62,85.9375
2018,SISTEMAS DIGITALES,PRIMER SEMESTRE 2018,3T3-CO,37,37,0,37,0,96,68,86.378378
2018,TEORIA DE LA COMPUTACION,PRIMER SEMESTRE 2018,3T3-CO,36,36,0,36,0,93,61,77.805555
2018,ADMINISTRADORES DE BASES DE DATOS,PRIMER SEMESTRE 2018,4T1-CO,11,11,0,11,0,90,65,79.090909
2018,ARQUITECTURA DE MAQUINAS COMPUTADORAS I,PRIMER SEMESTRE 2018,4T1-CO,14,14,0,14,0,99,65,87.142857
2018,ECONOMIA DE PROYECTOS INFORMATICOS,PRIMER SEMESTRE 2018,4T1-CO,26,26,0,26,0,94,60,76.384615
2018,SIMULACION,PRIMER SEMESTRE 2018,4T1-CO,17,17,0,17,0,80,60,72.764705
2018,ADMINISTRADORES DE BASES DE DATOS,PRIMER SEMESTRE 2018,4T1-CO/R,6,5,1,4,1,79,49,70.8
2018,ARQUITECTURA DE MAQUINAS COMPUTADORAS I,PRIMER SEMESTRE 2018,4T1-CO/R,11,8,3,6,2,91,30,58.5
2018,ECONOMIA DE PROYECTOS INFORMATICOS,PRIMER SEMESTRE 2018,4T1-CO/R,10,10,0,6,4,80,0,47.8
2018,SIMULACION,PRIMER SEMESTRE 2018,4T1-CO/R,4,0,4,0,0,0,0,0
2018,TENDENCIAS TECNOLOGICAS,PRIMER SEMESTRE 2018,4T1-CO/R,2,1,1,1,0,90,90,90
2018,ADMINISTRADORES DE BASES DE DATOS,PRIMER SEMESTRE 2018,4T2-CO,17,17,0,17,0,84,60,69.411764
2018,ARQUITECTURA DE MAQUINAS COMPUTADORAS I,PRIMER SEMESTRE 2018,4T2-CO,17,17,0,17,0,94,61,70.529411
2018,ECONOMIA DE PROYECTOS INFORMATICOS,PRIMER SEMESTRE 2018,4T2-CO,22,22,0,22,0,95,64,76.090909
2018,SIMULACION,PRIMER SEMESTRE 2018,4T2-CO,15,15,0,15,0,88,60,69.733333
2018,ADMINISTRADORES DE BASES DE DATOS,PRIMER SEMESTRE 2018,4T3-CO,30,30,0,30,0,93,60,78.366666
2018,ARQUITECTURA DE MAQUINAS COMPUTADORAS I,PRIMER SEMESTRE 2018,4T3-CO,17,17,0,17,0,82,72,77.764705
2018,ECONOMIA DE PROYECTOS INFORMATICOS,PRIMER SEMESTRE 2018,4T3-CO,26,26,0,26,0,77,60,64.730769
2018,SIMULACION,PRIMER SEMESTRE 2018,4T3-CO,32,32,0,32,0,94,60,76.9375
2018,APLICACIONES GRAFICAS,PRIMER SEMESTRE 2018,5T1-CO,28,28,0,28,0,98,61,81.214285
2018,ARQUITECTURA DE MAQUINAS COMPUTADORAS III,PRIMER SEMESTRE 2018,5T1-CO,28,28,0,28,0,98,60,79.428571
2018,INGENIERIA DE SOFTWARE II,PRIMER SEMESTRE 2018,5T1-CO,36,36,0,36,0,83,63,74.694444
2018,INTELIGENCIA ARTIFICIAL,PRIMER SEMESTRE 2018,5T1-CO,32,32,0,32,0,90,60,72.03125
2018,REDES DE COMPUTADORAS,PRIMER SEMESTRE 2018,5T1-CO,37,37,0,37,0,86,60,69.27027
2018,APLICACIONES GRAFICAS,PRIMER SEMESTRE 2018,5T1-CO/R,2,2,0,2,0,85,85,85
2018,ARQUITECTURA DE MAQUINAS COMPUTADORAS III,PRIMER SEMESTRE 2018,5T1-CO/R,6,2,4,2,0,61,61,61
2018,INGENIERIA DE SOFTWARE II,PRIMER SEMESTRE 2018,5T1-CO/R,6,6,0,6,0,60,60,60
2018,REDES DE COMPUTADORAS,PRIMER SEMESTRE 2018,5T1-CO/R,9,7,2,5,2,69,35,55.857142
2018,ARQUITECTURA DE MAQUINAS COMPUTADORAS III,PRIMER SEMESTRE 2018,5T2-CO,19,19,0,19,0,91,60,77.894736
2018,INGENIERIA DE SOFTWARE II,PRIMER SEMESTRE 2018,5T2-CO,18,18,0,18,0,60,60,60
2018,INTELIGENCIA ARTIFICIAL,PRIMER SEMESTRE 2018,5T2-CO,17,17,0,17,0,90,60,70.235294
2018,REDES DE COMPUTADORAS,PRIMER SEMESTRE 2018,5T2-CO,18,18,0,18,0,100,60,75.333333
2018,TENDENCIAS TECNOLOGICAS,PRIMER SEMESTRE 2018,5T2-CO,12,12,0,12,0,97,64,79.416666
2018,ARQUITECTURA DE MAQUINAS COMPUTADORAS III,PRIMER SEMESTRE 2018,5T3-CO,20,20,0,20,0,93,60,74.35
2018,INGENIERIA DE SOFTWARE II,PRIMER SEMESTRE 2018,5T3-CO,13,13,0,13,0,84,60,70
2018,INTELIGENCIA ARTIFICIAL,PRIMER SEMESTRE 2018,5T3-CO,25,25,0,25,0,90,60,66.4
2018,REDES DE COMPUTADORAS,PRIMER SEMESTRE 2018,5T3-CO,27,27,0,27,0,100,60,73.185185
2018,TENDENCIAS TECNOLOGICAS,PRIMER SEMESTRE 2018,5T3-CO,20,20,0,20,0,90,60,72.7
2018,CONCEPTOS DE LENGUAJES,SEGUNDO SEMESTRE 2018,1M1-CO,25,25,0,19,6,85,59,73.48
2018,INGLES II,SEGUNDO SEMESTRE 2018,1M1-CO,25,23,2,20,3,100,0,58.956521
2018,LENGUAJE DE PROGRAMACION,SEGUNDO SEMESTRE 2018,1M1-CO,31,31,0,24,7,100,0,60.354838
2018,MATEMATICA I PARA COMPUTACION,SEGUNDO SEMESTRE 2018,1M1-CO,28,26,2,25,1,99,32,75.615384
2018,REDACCION TECNICA,SEGUNDO SEMESTRE 2018,1M1-CO,28,25,3,21,4,99,0,68.28
2018,CONCEPTOS DE LENGUAJES,SEGUNDO SEMESTRE 2018,1M2-CO,29,28,1,23,5,96,23,72
2018,INGLES II,SEGUNDO SEMESTRE 2018,1M2-CO,29,25,4,20,5,100,0,55.72
2018,LENGUAJE DE PROGRAMACION,SEGUNDO SEMESTRE 2018,1M2-CO,27,27,0,24,3,100,15,67.629629
2018,MATEMATICA I PARA COMPUTACION,SEGUNDO SEMESTRE 2018,1M2-CO,35,34,1,31,3,100,0,65.470588
2018,REDACCION TECNICA,SEGUNDO SEMESTRE 2018,1M2-CO,32,28,4,23,5,97,0,61.928571
2018,CONCEPTOS DE LENGUAJES,SEGUNDO SEMESTRE 2018,1M3-CO,30,30,0,28,2,80,59,68.533333
2018,INGLES II,SEGUNDO SEMESTRE 2018,1M3-CO,16,15,1,15,0,95,67,76.8
2018,LENGUAJE DE PROGRAMACION,SEGUNDO SEMESTRE 2018,1M3-CO,27,26,1,24,2,78,0,62.807692
2018,MATEMATICA I PARA COMPUTACION,SEGUNDO SEMESTRE 2018,1M3-CO,30,28,2,26,2,100,22,73.928571
2018,REDACCION TECNICA,SEGUNDO SEMESTRE 2018,1M3-CO,27,27,0,24,3,81,0,61.592592
2018,CONCEPTOS DE LENGUAJES,SEGUNDO SEMESTRE 2018,1M4-CO,22,21,1,21,0,94,60,80.95238
2018,INGLES II,SEGUNDO SEMESTRE 2018,1M4-CO,24,22,2,22,0,93,62,73.727272
2018,LENGUAJE DE PROGRAMACION,SEGUNDO SEMESTRE 2018,1M4-CO,22,21,1,21,0,92,60,77.095238
2018,MATEMATICA I PARA COMPUTACION,SEGUNDO SEMESTRE 2018,1M4-CO,24,22,2,19,3,76,0,57.363636
2018,REDACCION TECNICA,SEGUNDO SEMESTRE 2018,1M4-CO,24,22,2,17,5,100,0,58
2018,CONCEPTOS DE LENGUAJES,SEGUNDO SEMESTRE 2018,1M5-CO,24,24,0,22,2,70,59,63.083333
2018,INGLES II,SEGUNDO SEMESTRE 2018,1M5-CO,24,22,2,22,0,94,68,82.363636
2018,LENGUAJE DE PROGRAMACION,SEGUNDO SEMESTRE 2018,1M5-CO,24,23,1,21,2,93,13,68.608695
2018,MATEMATICA I PARA COMPUTACION,SEGUNDO SEMESTRE 2018,1M5-CO,25,23,2,16,7,100,0,55.043478
2018,REDACCION TECNICA,SEGUNDO SEMESTRE 2018,1M5-CO,30,30,0,25,5,91,0,59.666666
2018,ALGORITMIZACION Y ESTRUCTURAS DE DATOS,SEGUNDO SEMESTRE 2018,2M1-CO,19,18,1,15,3,94,47,71.944444
2018,CULTURA DE PAZ Y DERECHOS HUMANOS,SEGUNDO SEMESTRE 2018,2M1-CO,24,21,3,21,0,98,71,80.190476
2018,FISICA I,SEGUNDO SEMESTRE 2018,2M1-CO,19,17,2,16,1,80,40,60.235294
2018,MATEMATICA III PARA COMPUTACION,SEGUNDO SEMESTRE 2018,2M1-CO,18,17,1,17,0,97,60,79.470588
2018,MATEMATICAS DISCRETAS,SEGUNDO SEMESTRE 2018,2M1-CO,23,23,0,22,1,86,39,74.173913
2018,ALGORITMIZACION Y ESTRUCTURAS DE DATOS,SEGUNDO SEMESTRE 2018,2M2-CO,31,28,3,18,10,100,10,58.571428
2018,CULTURA DE PAZ Y DERECHOS HUMANOS,SEGUNDO SEMESTRE 2018,2M2-CO,34,34,0,34,0,97,71,79.411764
2018,FISICA I,SEGUNDO SEMESTRE 2018,2M2-CO,31,27,4,22,5,85,0,55.444444
2018,MATEMATICA III PARA COMPUTACION,SEGUNDO SEMESTRE 2018,2M2-CO,22,18,4,7,11,85,0,37.611111
2018,MATEMATICAS DISCRETAS,SEGUNDO SEMESTRE 2018,2M2-CO,27,20,7,15,5,98,0,61.35
2018,ALGORITMIZACION Y ESTRUCTURAS DE DATOS,SEGUNDO SEMESTRE 2018,2M3-CO,28,28,0,15,13,84,2,50.142857
2018,CULTURA DE PAZ Y DERECHOS HUMANOS,SEGUNDO SEMESTRE 2018,2M3-CO,31,31,0,31,0,93,63,73.129032
2018,FISICA I,SEGUNDO SEMESTRE 2018,2M3-CO,31,26,5,21,5,85,0,57
2018,MATEMATICA III PARA COMPUTACION,SEGUNDO SEMESTRE 2018,2M3-CO,17,17,0,8,9,100,0,42.647058
2018,MATEMATICAS DISCRETAS,SEGUNDO SEMESTRE 2018,2M3-CO,24,20,4,14,6,90,0,58.1
2018,ALGORITMIZACION Y ESTRUCTURAS DE DATOS,SEGUNDO SEMESTRE 2018,2M4-CO,30,27,3,18,9,96,21,66.592592
2018,CULTURA DE PAZ Y DERECHOS HUMANOS,SEGUNDO SEMESTRE 2018,2M4-CO,26,25,1,25,0,83,64,75.52
2018,FISICA I,SEGUNDO SEMESTRE 2018,2M4-CO,25,24,1,15,9,80,0,39.583333
2018,MATEMATICA III PARA COMPUTACION,SEGUNDO SEMESTRE 2018,2M4-CO,19,17,2,17,0,94,61,80.17647
2018,MATEMATICAS DISCRETAS,SEGUNDO SEMESTRE 2018,2M4-CO,24,24,0,24,0,95,60,74
2018,ALGORITMIZACION Y ESTRUCTURAS DE DATOS,SEGUNDO SEMESTRE 2018,2M5-CO,33,33,0,31,2,95,25,74.575757
2018,CULTURA DE PAZ Y DERECHOS HUMANOS,SEGUNDO SEMESTRE 2018,2M5-CO,19,19,0,19,0,100,68,90.947368
2018,FISICA I,SEGUNDO SEMESTRE 2018,2M5-CO,16,13,3,12,1,98,0,66
2018,MATEMATICA III PARA COMPUTACION,SEGUNDO SEMESTRE 2018,2M5-CO,14,11,3,5,6,83,0,39.636363
2018,MATEMATICAS DISCRETAS,SEGUNDO SEMESTRE 2018,2M5-CO,18,18,0,17,1,95,0,74.444444
2018,BASES DE DATOS,SEGUNDO SEMESTRE 2018,3T1-CO,40,40,0,40,0,95,62,81.025
2018,ECONOMIA,SEGUNDO SEMESTRE 2018,3T1-CO,40,40,0,40,0,100,81,93.825
2018,ESTADISTICA I,SEGUNDO SEMESTRE 2018,3T1-CO,40,40,0,35,5,82,0,56.575
2018,HARDWARE REPARACION Y MANTENIMIENTO,SEGUNDO SEMESTRE 2018,3T1-CO,40,40,0,40,0,100,81,94.925
2018,SISTEMAS OPERATIVOS Y REDES,SEGUNDO SEMESTRE 2018,3T1-CO,40,40,0,39,1,100,27,85.45
2018,FISICA II,SEGUNDO SEMESTRE 2018,3T1-CO/P,5,5,0,5,0,60,60,60
2018,BASES DE DATOS,SEGUNDO SEMESTRE 2018,3T2-CO,34,30,4,22,8,96,23,67.266666
2018,ECONOMIA,SEGUNDO SEMESTRE 2018,3T2-CO,29,28,1,28,0,100,79,87.428571
2018,ESTADISTICA I,SEGUNDO SEMESTRE 2018,3T2-CO,33,33,0,22,11,90,0,48.727272
2018,HARDWARE REPARACION Y MANTENIMIENTO,SEGUNDO SEMESTRE 2018,3T2-CO,38,38,0,37,1,100,0,88.578947
2018,SISTEMAS OPERATIVOS Y REDES,SEGUNDO SEMESTRE 2018,3T2-CO,28,28,0,28,0,92,62,79.571428
2018,BASES DE DATOS,SEGUNDO SEMESTRE 2018,3T3-CO,40,33,7,25,8,95,19,65.939393
2018,ECONOMIA,SEGUNDO SEMESTRE 2018,3T3-CO,39,39,0,39,0,100,75,89.743589
2018,ESTADISTICA I,SEGUNDO SEMESTRE 2018,3T3-CO,40,40,0,29,11,100,0,57.075
2018,HARDWARE REPARACION Y MANTENIMIENTO,SEGUNDO SEMESTRE 2018,3T3-CO,39,39,0,39,0,100,77,94.897435
2018,SISTEMAS OPERATIVOS Y REDES,SEGUNDO SEMESTRE 2018,3T3-CO,40,39,1,38,1,100,57,85.307692
2018,ARQUITECTURA DE MAQUINAS COMPUTADORAS II,SEGUNDO SEMESTRE 2018,4T1-CO,25,23,2,23,0,98,62,79.521739
2018,ARQUITECTURA DE SISTEMAS OPERATIVOS,SEGUNDO SEMESTRE 2018,4T1-CO,36,32,4,32,0,92,60,69.4375
2018,CONTROL,SEGUNDO SEMESTRE 2018,4T1-CO,21,20,1,20,0,97,60,77.7
2018,INGENIERIA DE SOFTWARE I,SEGUNDO SEMESTRE 2018,4T1-CO,38,37,1,28,9,80,24,57.945945
2018,METODOLOGIA DE LA INVESTIGACION,SEGUNDO SEMESTRE 2018,4T1-CO,23,23,0,20,3,88,0,63.260869
2018,ARQUITECTURA DE MAQUINAS COMPUTADORAS II,SEGUNDO SEMESTRE 2018,4T3-CO,20,20,0,20,0,87,63,76.65
2018,ARQUITECTURA DE SISTEMAS OPERATIVOS,SEGUNDO SEMESTRE 2018,4T3-CO,30,27,3,26,1,97,39,77.555555
2018,CONTROL,SEGUNDO SEMESTRE 2018,4T3-CO,40,40,0,37,3,95,0,66.175
2018,INGENIERIA DE SOFTWARE I,SEGUNDO SEMESTRE 2018,4T3-CO,32,30,2,27,3,90,20,65.6
2018,METODOLOGIA DE LA INVESTIGACION,SEGUNDO SEMESTRE 2018,4T3-CO,37,32,5,32,0,91,70,84.125
2018,ADMINISTRACION DE SISTEMAS DE INFORMACION,SEGUNDO SEMESTRE 2018,5T1-CO,29,29,0,29,0,96,60,84.620689
2018,INGENIERIA DE SOFTWARE III,SEGUNDO SEMESTRE 2018,5T1-CO,27,25,2,22,3,76,14,59.36
2018,INGENIERIA DE SOFTWARE III,SEGUNDO SEMESTRE 2018,5T2-CO,19,19,0,9,10,100,0,40.789473
2018,SISTEMAS DISTRIBUIDOS,SEGUNDO SEMESTRE 2018,5T2-CO,26,22,4,18,4,86,31,65.681818
2018,ADMINISTRACION DE SISTEMAS DE INFORMACION,SEGUNDO SEMESTRE 2018,5T3-CO,24,24,0,23,0,96,75,90
2018,INGENIERIA DE SOFTWARE III,SEGUNDO SEMESTRE 2018,5T3-CO,31,31,0,21,10,100,0,52.580645
